,Year,Electron,Falcon 9,Atlas V,Titan,Soyuz/R-7,Space Shuttle,Delta II,Proton
0,0.0,1.0,1.0,1.0,1.0,1.0,1.0,1.0,1.0
1,0.08333333333333333,1.0,1.0,1.0,1.0,2.0,1.0,1.0,1.0
2,0.16666666666666666,1.0,1.0,1.0,1.0,2.0,1.0,1.0,1.0
3,0.25,1.0,1.0,1.0,1.0,2.0,1.0,1.0,1.0
4,0.3333333333333333,1.0,1.0,1.0,1.0,2.0,1.0,1.0,2.0
5,0.41666666666666663,1.0,1.0,1.0,2.0,2.0,1.0,1.0,2.0
6,0.5,1.0,1.0,1.0,2.0,2.0,1.0,2.0,2.0
7,0.5833333333333333,1.0,2.0,1.0,2.0,3.0,1.0,2.0,2.0
8,0.6666666666666666,2.0,2.0,1.0,2.0,4.0,2.0,2.0,2.0
9,0.75,2.0,2.0,2.0,3.0,4.0,2.0,2.0,3.0
10,0.8333333333333333,2.0,2.0,2.0,3.0,4.0,2.0,2.0,3.0
11,0.9166666666666666,2.0,2.0,3.0,4.0,4.0,2.0,2.0,3.0
12,1.0,2.0,2.0,3.0,5.0,5.0,3.0,2.0,4.0
13,1.0833333333333333,2.0,2.0,3.0,6.0,6.0,3.0,2.0,4.0
14,1.1666666666666665,2.0,2.0,3.0,7.0,7.0,3.0,2.0,4.0
15,1.25,2.0,2.0,3.0,8.0,8.0,4.0,2.0,4.0
16,1.3333333333333333,2.0,2.0,3.0,8.0,8.0,4.0,2.0,4.0
17,1.4166666666666665,2.0,2.0,3.0,9.0,8.0,4.0,2.0,4.0
18,1.5,3.0,2.0,3.0,9.0,8.0,4.0,2.0,4.0
19,1.5833333333333333,4.0,2.0,3.0,10.0,8.0,5.0,2.0,4.0
20,1.6666666666666665,4.0,2.0,3.0,11.0,8.0,5.0,2.0,5.0
21,1.75,4.0,2.0,3.0,14.0,9.0,5.0,2.0,6.0
22,1.8333333333333333,4.0,2.0,3.0,14.0,9.0,5.0,2.0,6.0
23,1.9166666666666665,5.0,2.0,3.0,14.0,9.0,5.0,2.0,6.0
24,2.0,6.0,3.0,3.0,15.0,11.0,6.0,3.0,6.0
25,2.083333333333333,6.0,3.0,3.0,15.0,11.0,6.0,3.0,6.0
26,2.1666666666666665,7.0,3.0,3.0,16.0,11.0,6.0,3.0,6.0
27,2.25,8.0,3.0,3.0,17.0,11.0,7.0,3.0,7.0
28,2.333333333333333,8.0,3.0,4.0,19.0,11.0,7.0,3.0,7.0
29,2.4166666666666665,9.0,4.0,4.0,20.0,11.0,8.0,3.0,8.0
30,2.5,9.0,4.0,4.0,22.0,11.0,8.0,4.0,8.0
31,2.583333333333333,10.0,4.0,5.0,23.0,13.0,8.0,4.0,8.0
32,2.6666666666666665,10.0,4.0,5.0,24.0,14.0,9.0,4.0,9.0
33,2.75,11.0,5.0,5.0,25.0,14.0,9.0,4.0,9.0
34,2.833333333333333,11.0,5.0,5.0,26.0,15.0,10.0,4.0,10.0
35,2.9166666666666665,11.0,5.0,5.0,27.0,16.0,10.0,4.0,10.0
36,3.0,11.0,5.0,6.0,27.0,16.0,11.0,5.0,11.0
37,3.083333333333333,12.0,5.0,6.0,29.0,18.0,11.0,5.0,11.0
38,3.1666666666666665,13.0,5.0,6.0,29.0,19.0,11.0,5.0,12.0
39,3.25,13.0,5.0,6.0,31.0,20.0,12.0,5.0,12.0
40,3.333333333333333,14.0,6.0,6.0,31.0,20.0,12.0,5.0,13.0
41,3.4166666666666665,14.0,6.0,7.0,32.0,22.0,13.0,5.0,14.0
42,3.5,16.0,7.0,7.0,33.0,24.0,14.0,6.0,14.0
43,3.583333333333333,17.0,7.0,7.0,34.0,25.0,15.0,6.0,15.0
44,3.6666666666666665,18.0,8.0,8.0,35.0,25.0,15.0,6.0,16.0
45,3.75,18.0,8.0,8.0,35.0,25.0,15.0,6.0,18.0
46,3.833333333333333,19.0,8.0,8.0,36.0,25.0,16.0,6.0,18.0
47,3.9166666666666665,19.0,9.0,8.0,36.0,26.0,16.0,6.0,19.0
48,4.0,20.0,9.0,8.0,37.0,26.0,17.0,6.0,20.0
49,4.083333333333333,20.0,9.0,8.0,38.0,26.0,18.0,6.0,21.0
50,4.166666666666666,20.0,10.0,8.0,39.0,26.0,18.0,6.0,21.0
51,4.25,21.0,11.0,8.0,40.0,27.0,20.0,6.0,22.0
52,4.333333333333333,21.0,13.0,8.0,41.0,27.0,21.0,6.0,23.0
53,4.416666666666666,21.0,13.0,8.0,41.0,27.0,22.0,6.0,24.0
54,4.5,22.0,13.0,8.0,43.0,27.0,23.0,6.0,24.0
55,4.583333333333333,23.0,13.0,9.0,44.0,28.0,24.0,6.0,25.0
56,4.666666666666666,23.0,14.0,9.0,45.0,29.0,25.0,6.0,25.0
57,4.75,23.0,16.0,9.0,45.0,29.0,25.0,6.0,25.0
58,4.833333333333333,24.0,16.0,10.0,46.0,30.0,27.0,6.0,25.0
59,4.916666666666666,25.0,18.0,10.0,48.0,34.0,27.0,6.0,25.0
60,5.0,26.0,18.0,10.0,48.0,36.0,27.0,6.0,25.0
61,5.083333333333333,26.0,19.0,10.0,49.0,39.0,27.0,7.0,25.0
62,5.166666666666666,28.0,19.0,11.0,51.0,40.0,27.0,7.0,26.0
63,5.25,29.0,19.0,11.0,51.0,41.0,27.0,7.0,26.0
64,5.333333333333333,30.0,19.0,12.0,51.0,43.0,27.0,7.0,28.0
65,5.416666666666666,31.0,19.0,12.0,52.0,43.0,27.0,7.0,29.0
66,5.5,32.0,19.0,12.0,52.0,45.0,27.0,7.0,29.0
67,5.583333333333333,32.0,20.0,13.0,53.0,47.0,27.0,7.0,29.0
68,5.666666666666666,32.0,21.0,14.0,53.0,48.0,27.0,7.0,29.0
69,5.75,33.0,22.0,14.0,53.0,50.0,27.0,7.0,29.0
70,5.833333333333333,35.0,22.0,14.0,54.0,51.0,27.0,7.0,31.0
71,5.916666666666666,35.0,23.0,14.0,54.0,51.0,27.0,7.0,33.0
72,6.0,36.0,25.0,14.0,55.0,51.0,27.0,7.0,33.0
73,6.083333333333333,37.0,26.0,14.0,56.0,53.0,27.0,8.0,33.0
74,6.166666666666666,38.0,27.0,14.0,56.0,56.0,27.0,8.0,34.0
75,6.25,39.0,29.0,14.0,57.0,57.0,27.0,8.0,35.0
76,6.333333333333333,40.0,29.0,14.0,57.0,58.0,27.0,8.0,35.0
77,6.416666666666666,40.0,29.0,14.0,58.0,59.0,27.0,8.0,35.0
78,6.5,40.0,29.0,14.0,58.0,63.0,27.0,8.0,35.0
79,6.583333333333333,41.0,29.0,14.0,60.0,66.0,27.0,8.0,36.0
80,6.666666666666666,41.0,30.0,15.0,60.0,67.0,27.0,8.0,36.0
81,6.75,43.0,31.0,15.0,60.0,71.0,27.0,8.0,36.0
82,6.833333333333333,45.0,33.0,16.0,61.0,73.0,27.0,8.0,36.0
83,6.916666666666666,46.0,34.0,16.0,61.0,76.0,27.0,8.0,36.0
84,7.0,46.0,36.0,16.0,62.0,78.0,27.0,8.0,36.0
85,7.083333333333333,49.0,38.0,17.0,64.0,82.0,27.0,8.0,37.0
86,7.166666666666666,49.0,39.0,18.0,64.0,83.0,27.0,8.0,37.0
87,7.25,51.0,41.0,18.0,65.0,83.0,27.0,8.0,37.0
88,7.333333333333333,52.0,42.0,19.0,65.0,84.0,27.0,8.0,37.0
89,7.416666666666666,52.0,45.0,19.0,66.0,86.0,27.0,8.0,37.0
90,7.5,53.0,45.0,20.0,66.0,90.0,28.0,8.0,38.0
91,7.583333333333333,55.0,47.0,20.0,68.0,93.0,28.0,8.0,38.0
92,7.666666666666666,55.0,49.0,20.0,68.0,96.0,29.0,8.0,38.0
93,7.75,57.0,50.0,21.0,68.0,99.0,29.0,8.0,39.0
94,7.833333333333333,59.0,53.0,21.0,69.0,102.0,29.0,8.0,40.0
95,7.916666666666666,60.0,54.0,21.0,71.0,104.0,29.0,8.0,40.0
96,8.0,61.0,57.0,22.0,72.0,107.0,30.0,8.0,40.0
97,8.083333333333332,63.0,58.0,22.0,72.0,110.0,31.0,9.0,44.0
98,8.166666666666666,65.0,60.0,23.0,73.0,115.0,31.0,9.0,44.0
99,8.25,67.0,61.0,23.0,74.0,118.0,31.0,9.0,44.0
100,8.333333333333332,67.0,62.0,23.0,74.0,121.0,32.0,10.0,44.0
101,8.416666666666666,68.0,63.0,23.0,75.0,125.0,32.0,10.0,44.0
102,8.5,70.0,65.0,23.0,75.0,129.0,32.0,10.0,44.0
103,8.583333333333332,73.0,67.0,24.0,76.0,132.0,33.0,11.0,44.0
104,8.666666666666666,74.0,68.0,25.0,76.0,135.0,34.0,11.0,44.0
105,8.75,75.0,70.0,26.0,77.0,138.0,35.0,12.0,45.0
106,8.833333333333332,77.0,70.0,26.0,77.0,141.0,35.0,13.0,45.0
107,8.916666666666666,,71.0,26.0,77.0,144.0,36.0,13.0,46.0
108,9.0,,72.0,27.0,78.0,145.0,36.0,14.0,47.0
109,9.083333333333332,,73.0,27.0,78.0,149.0,37.0,15.0,48.0
110,9.166666666666666,,74.0,27.0,79.0,153.0,37.0,17.0,48.0
111,9.25,,75.0,27.0,81.0,156.0,37.0,17.0,48.0
112,9.333333333333332,,75.0,28.0,82.0,157.0,37.0,18.0,49.0
113,9.416666666666666,,75.0,28.0,83.0,161.0,37.0,18.0,49.0
114,9.5,,76.0,28.0,84.0,164.0,38.0,19.0,50.0
115,9.583333333333332,,78.0,29.0,84.0,167.0,38.0,20.0,50.0
116,9.666666666666666,,80.0,29.0,85.0,172.0,40.0,21.0,50.0
117,9.75,,81.0,30.0,86.0,177.0,40.0,22.0,50.0
118,9.833333333333332,,83.0,,86.0,178.0,40.0,23.0,50.0
119,9.916666666666666,,84.0,,,181.0,40.0,,
120,10.0,,,,,,,,
121,10.083333333333332,,,,,,,,
