,Time_Since_First_Payload,Starlink,OneWeb,Kuiper
0,0,2.0,6.0,2.0
1,1,2.0,6.0,2.0
2,2,2.0,6.0,2.0
3,3,2.0,6.0,2.0
4,4,2.0,6.0,2.0
5,5,2.0,6.0,2.0
6,6,2.0,6.0,2.0
7,7,2.0,6.0,2.0
8,8,2.0,6.0,2.0
9,9,2.0,6.0,2.0
10,10,2.0,6.0,2.0
11,11,2.0,6.0,2.0
12,12,2.0,6.0,2.0
13,13,2.0,6.0,2.0
14,14,2.0,6.0,2.0
15,15,2.0,6.0,2.0
16,16,2.0,6.0,2.0
17,17,2.0,6.0,2.0
18,18,2.0,6.0,2.0
19,19,2.0,6.0,2.0
20,20,2.0,6.0,2.0
21,21,2.0,6.0,2.0
22,22,2.0,6.0,2.0
23,23,2.0,6.0,2.0
24,24,2.0,6.0,2.0
25,25,2.0,6.0,2.0
26,26,2.0,6.0,2.0
27,27,2.0,6.0,2.0
28,28,2.0,6.0,2.0
29,29,2.0,6.0,2.0
30,30,2.0,6.0,2.0
31,31,2.0,6.0,2.0
32,32,2.0,6.0,2.0
33,33,2.0,6.0,2.0
34,34,2.0,6.0,2.0
35,35,2.0,6.0,2.0
36,36,2.0,6.0,2.0
37,37,2.0,6.0,2.0
38,38,2.0,6.0,2.0
39,39,2.0,6.0,2.0
40,40,2.0,6.0,2.0
41,41,2.0,6.0,2.0
42,42,2.0,6.0,2.0
43,43,2.0,6.0,2.0
44,44,2.0,6.0,2.0
45,45,2.0,6.0,2.0
46,46,2.0,6.0,2.0
47,47,2.0,6.0,2.0
48,48,2.0,6.0,2.0
49,49,2.0,6.0,2.0
50,50,2.0,6.0,2.0
51,51,2.0,6.0,2.0
52,52,2.0,6.0,2.0
53,53,2.0,6.0,2.0
54,54,2.0,6.0,2.0
55,55,2.0,6.0,2.0
56,56,2.0,6.0,2.0
57,57,2.0,6.0,2.0
58,58,2.0,6.0,2.0
59,59,2.0,6.0,2.0
60,60,2.0,6.0,2.0
61,61,2.0,6.0,2.0
62,62,2.0,6.0,2.0
63,63,2.0,6.0,2.0
64,64,2.0,6.0,2.0
65,65,2.0,6.0,2.0
66,66,2.0,6.0,2.0
67,67,2.0,6.0,2.0
68,68,2.0,6.0,2.0
69,69,2.0,6.0,2.0
70,70,2.0,6.0,2.0
71,71,2.0,6.0,2.0
72,72,2.0,6.0,2.0
73,73,2.0,6.0,2.0
74,74,2.0,6.0,2.0
75,75,2.0,6.0,2.0
76,76,2.0,6.0,2.0
77,77,2.0,6.0,2.0
78,78,2.0,6.0,2.0
79,79,2.0,6.0,2.0
80,80,2.0,6.0,2.0
81,81,2.0,6.0,2.0
82,82,2.0,6.0,2.0
83,83,2.0,6.0,2.0
84,84,2.0,6.0,2.0
85,85,2.0,6.0,2.0
86,86,2.0,6.0,2.0
87,87,2.0,6.0,2.0
88,88,2.0,6.0,2.0
89,89,2.0,6.0,2.0
90,90,2.0,6.0,2.0
91,91,2.0,6.0,2.0
92,92,2.0,6.0,2.0
93,93,2.0,6.0,2.0
94,94,2.0,6.0,2.0
95,95,2.0,6.0,2.0
96,96,2.0,6.0,2.0
97,97,2.0,6.0,2.0
98,98,2.0,6.0,2.0
99,99,2.0,6.0,2.0
100,100,2.0,6.0,2.0
101,101,2.0,6.0,2.0
102,102,2.0,6.0,2.0
103,103,2.0,6.0,2.0
104,104,2.0,6.0,2.0
105,105,2.0,6.0,2.0
106,106,2.0,6.0,2.0
107,107,2.0,6.0,2.0
108,108,2.0,6.0,2.0
109,109,2.0,6.0,2.0
110,110,2.0,6.0,2.0
111,111,2.0,6.0,2.0
112,112,2.0,6.0,2.0
113,113,2.0,6.0,2.0
114,114,2.0,6.0,2.0
115,115,2.0,6.0,2.0
116,116,2.0,6.0,2.0
117,117,2.0,6.0,2.0
118,118,2.0,6.0,2.0
119,119,2.0,6.0,2.0
120,120,2.0,6.0,2.0
121,121,2.0,6.0,2.0
122,122,2.0,6.0,2.0
123,123,2.0,6.0,2.0
124,124,2.0,6.0,2.0
125,125,2.0,6.0,2.0
126,126,2.0,6.0,2.0
127,127,2.0,6.0,2.0
128,128,2.0,6.0,2.0
129,129,2.0,6.0,2.0
130,130,2.0,6.0,2.0
131,131,2.0,6.0,2.0
132,132,2.0,6.0,2.0
133,133,2.0,6.0,2.0
134,134,2.0,6.0,2.0
135,135,2.0,6.0,2.0
136,136,2.0,6.0,2.0
137,137,2.0,6.0,2.0
138,138,2.0,6.0,2.0
139,139,2.0,6.0,2.0
140,140,2.0,6.0,2.0
141,141,2.0,6.0,2.0
142,142,2.0,6.0,2.0
143,143,2.0,6.0,2.0
144,144,2.0,6.0,2.0
145,145,2.0,6.0,2.0
146,146,2.0,6.0,2.0
147,147,2.0,6.0,2.0
148,148,2.0,6.0,2.0
149,149,2.0,6.0,2.0
150,150,2.0,6.0,2.0
151,151,2.0,6.0,2.0
152,152,2.0,6.0,2.0
153,153,2.0,6.0,2.0
154,154,2.0,6.0,2.0
155,155,2.0,6.0,2.0
156,156,2.0,6.0,2.0
157,157,2.0,6.0,2.0
158,158,2.0,6.0,2.0
159,159,2.0,6.0,2.0
160,160,2.0,6.0,2.0
161,161,2.0,6.0,2.0
162,162,2.0,6.0,2.0
163,163,2.0,6.0,2.0
164,164,2.0,6.0,2.0
165,165,2.0,6.0,2.0
166,166,2.0,6.0,2.0
167,167,2.0,6.0,2.0
168,168,2.0,6.0,2.0
169,169,2.0,6.0,2.0
170,170,2.0,6.0,2.0
171,171,2.0,6.0,2.0
172,172,2.0,6.0,2.0
173,173,2.0,6.0,2.0
174,174,2.0,6.0,2.0
175,175,2.0,6.0,2.0
176,176,2.0,6.0,2.0
177,177,2.0,6.0,2.0
178,178,2.0,6.0,2.0
179,179,2.0,6.0,2.0
180,180,2.0,6.0,2.0
181,181,2.0,6.0,2.0
182,182,2.0,6.0,2.0
183,183,2.0,6.0,2.0
184,184,2.0,6.0,2.0
185,185,2.0,6.0,2.0
186,186,2.0,6.0,2.0
187,187,2.0,6.0,2.0
188,188,2.0,6.0,2.0
189,189,2.0,6.0,2.0
190,190,2.0,6.0,2.0
191,191,2.0,6.0,2.0
192,192,2.0,6.0,2.0
193,193,2.0,6.0,2.0
194,194,2.0,6.0,2.0
195,195,2.0,6.0,2.0
196,196,2.0,6.0,2.0
197,197,2.0,6.0,2.0
198,198,2.0,6.0,2.0
199,199,2.0,6.0,2.0
200,200,2.0,6.0,2.0
201,201,2.0,6.0,2.0
202,202,2.0,6.0,2.0
203,203,2.0,6.0,2.0
204,204,2.0,6.0,2.0
205,205,2.0,6.0,2.0
206,206,2.0,6.0,2.0
207,207,2.0,6.0,2.0
208,208,2.0,6.0,2.0
209,209,2.0,6.0,2.0
210,210,2.0,6.0,2.0
211,211,2.0,6.0,2.0
212,212,2.0,6.0,2.0
213,213,2.0,6.0,2.0
214,214,2.0,6.0,2.0
215,215,2.0,6.0,2.0
216,216,2.0,6.0,2.0
217,217,2.0,6.0,2.0
218,218,2.0,6.0,2.0
219,219,2.0,6.0,2.0
220,220,2.0,6.0,2.0
221,221,2.0,6.0,2.0
222,222,2.0,6.0,2.0
223,223,2.0,6.0,2.0
224,224,2.0,6.0,2.0
225,225,2.0,6.0,2.0
226,226,2.0,6.0,2.0
227,227,2.0,6.0,2.0
228,228,2.0,6.0,2.0
229,229,2.0,6.0,2.0
230,230,2.0,6.0,2.0
231,231,2.0,6.0,2.0
232,232,2.0,6.0,2.0
233,233,2.0,6.0,2.0
234,234,2.0,6.0,2.0
235,235,2.0,6.0,2.0
236,236,2.0,6.0,2.0
237,237,2.0,6.0,2.0
238,238,2.0,6.0,2.0
239,239,2.0,6.0,2.0
240,240,2.0,6.0,2.0
241,241,2.0,6.0,2.0
242,242,2.0,6.0,2.0
243,243,2.0,6.0,2.0
244,244,2.0,6.0,2.0
245,245,2.0,6.0,2.0
246,246,2.0,6.0,2.0
247,247,2.0,6.0,2.0
248,248,2.0,6.0,2.0
249,249,2.0,6.0,2.0
250,250,2.0,6.0,2.0
251,251,2.0,6.0,2.0
252,252,2.0,6.0,2.0
253,253,2.0,6.0,2.0
254,254,2.0,6.0,2.0
255,255,2.0,6.0,2.0
256,256,2.0,6.0,2.0
257,257,2.0,6.0,2.0
258,258,2.0,6.0,2.0
259,259,2.0,6.0,2.0
260,260,2.0,6.0,2.0
261,261,2.0,6.0,2.0
262,262,2.0,6.0,2.0
263,263,2.0,6.0,2.0
264,264,2.0,6.0,2.0
265,265,2.0,6.0,2.0
266,266,2.0,6.0,2.0
267,267,2.0,6.0,2.0
268,268,2.0,6.0,2.0
269,269,2.0,6.0,2.0
270,270,2.0,6.0,2.0
271,271,2.0,6.0,2.0
272,272,2.0,6.0,2.0
273,273,2.0,6.0,2.0
274,274,2.0,6.0,2.0
275,275,2.0,6.0,2.0
276,276,2.0,6.0,2.0
277,277,2.0,6.0,2.0
278,278,2.0,6.0,2.0
279,279,2.0,6.0,2.0
280,280,2.0,6.0,2.0
281,281,2.0,6.0,2.0
282,282,2.0,6.0,2.0
283,283,2.0,6.0,2.0
284,284,2.0,6.0,2.0
285,285,2.0,6.0,2.0
286,286,2.0,6.0,2.0
287,287,2.0,6.0,2.0
288,288,2.0,6.0,2.0
289,289,2.0,6.0,2.0
290,290,2.0,6.0,2.0
291,291,2.0,6.0,2.0
292,292,2.0,6.0,2.0
293,293,2.0,6.0,2.0
294,294,2.0,6.0,2.0
295,295,2.0,6.0,2.0
296,296,2.0,6.0,2.0
297,297,2.0,6.0,2.0
298,298,2.0,6.0,2.0
299,299,2.0,6.0,2.0
300,300,2.0,6.0,2.0
301,301,2.0,6.0,2.0
302,302,2.0,6.0,2.0
303,303,2.0,6.0,2.0
304,304,2.0,6.0,2.0
305,305,2.0,6.0,2.0
306,306,2.0,6.0,2.0
307,307,2.0,6.0,2.0
308,308,2.0,6.0,2.0
309,309,2.0,6.0,2.0
310,310,2.0,6.0,2.0
311,311,2.0,6.0,2.0
312,312,2.0,6.0,2.0
313,313,2.0,6.0,2.0
314,314,2.0,6.0,2.0
315,315,2.0,6.0,2.0
316,316,2.0,6.0,2.0
317,317,2.0,6.0,2.0
318,318,2.0,6.0,2.0
319,319,2.0,6.0,2.0
320,320,2.0,6.0,2.0
321,321,2.0,6.0,2.0
322,322,2.0,6.0,2.0
323,323,2.0,6.0,2.0
324,324,2.0,6.0,2.0
325,325,2.0,6.0,2.0
326,326,2.0,6.0,2.0
327,327,2.0,6.0,2.0
328,328,2.0,6.0,2.0
329,329,2.0,6.0,2.0
330,330,2.0,6.0,2.0
331,331,2.0,6.0,2.0
332,332,2.0,6.0,2.0
333,333,2.0,6.0,2.0
334,334,2.0,6.0,2.0
335,335,2.0,6.0,2.0
336,336,2.0,6.0,2.0
337,337,2.0,6.0,2.0
338,338,2.0,6.0,2.0
339,339,2.0,6.0,2.0
340,340,2.0,6.0,2.0
341,341,2.0,6.0,2.0
342,342,2.0,6.0,2.0
343,343,2.0,6.0,2.0
344,344,2.0,40.0,2.0
345,345,2.0,40.0,2.0
346,346,2.0,40.0,2.0
347,347,2.0,40.0,2.0
348,348,2.0,40.0,2.0
349,349,2.0,40.0,2.0
350,350,2.0,40.0,2.0
351,351,2.0,40.0,2.0
352,352,2.0,40.0,2.0
353,353,2.0,40.0,2.0
354,354,2.0,40.0,2.0
355,355,2.0,40.0,2.0
356,356,2.0,40.0,2.0
357,357,2.0,40.0,2.0
358,358,2.0,40.0,2.0
359,359,2.0,40.0,2.0
360,360,2.0,40.0,2.0
361,361,2.0,40.0,2.0
362,362,2.0,40.0,2.0
363,363,2.0,40.0,2.0
364,364,2.0,40.0,2.0
365,365,2.0,40.0,2.0
366,366,2.0,40.0,2.0
367,367,2.0,40.0,2.0
368,368,2.0,40.0,2.0
369,369,2.0,40.0,2.0
370,370,2.0,40.0,2.0
371,371,2.0,40.0,2.0
372,372,2.0,40.0,2.0
373,373,2.0,40.0,2.0
374,374,2.0,40.0,2.0
375,375,2.0,40.0,2.0
376,376,2.0,40.0,2.0
377,377,2.0,40.0,2.0
378,378,2.0,40.0,2.0
379,379,2.0,40.0,2.0
380,380,2.0,40.0,2.0
381,381,2.0,40.0,2.0
382,382,2.0,40.0,2.0
383,383,2.0,40.0,2.0
384,384,2.0,40.0,2.0
385,385,2.0,40.0,2.0
386,386,2.0,40.0,2.0
387,387,2.0,40.0,2.0
388,388,2.0,74.0,2.0
389,389,2.0,74.0,2.0
390,390,2.0,74.0,2.0
391,391,2.0,74.0,2.0
392,392,2.0,74.0,2.0
393,393,2.0,74.0,2.0
394,394,2.0,74.0,2.0
395,395,2.0,74.0,2.0
396,396,2.0,74.0,2.0
397,397,2.0,74.0,2.0
398,398,2.0,74.0,2.0
399,399,2.0,74.0,2.0
400,400,2.0,74.0,2.0
401,401,2.0,74.0,2.0
402,402,2.0,74.0,2.0
403,403,2.0,74.0,2.0
404,404,2.0,74.0,2.0
405,405,2.0,74.0,2.0
406,406,2.0,74.0,2.0
407,407,2.0,74.0,2.0
408,408,2.0,74.0,2.0
409,409,2.0,74.0,2.0
410,410,2.0,74.0,2.0
411,411,2.0,74.0,2.0
412,412,2.0,74.0,2.0
413,413,2.0,74.0,2.0
414,414,2.0,74.0,2.0
415,415,2.0,74.0,2.0
416,416,2.0,74.0,2.0
417,417,2.0,74.0,2.0
418,418,2.0,74.0,2.0
419,419,2.0,74.0,2.0
420,420,2.0,74.0,2.0
421,421,2.0,74.0,2.0
422,422,2.0,74.0,2.0
423,423,2.0,74.0,2.0
424,424,2.0,74.0,2.0
425,425,2.0,74.0,2.0
426,426,2.0,74.0,2.0
427,427,2.0,74.0,2.0
428,428,2.0,74.0,2.0
429,429,2.0,74.0,2.0
430,430,2.0,74.0,2.0
431,431,2.0,74.0,2.0
432,432,2.0,74.0,2.0
433,433,2.0,74.0,2.0
434,434,2.0,74.0,2.0
435,435,2.0,74.0,2.0
436,436,2.0,74.0,2.0
437,437,2.0,74.0,2.0
438,438,2.0,74.0,2.0
439,439,2.0,74.0,2.0
440,440,2.0,74.0,2.0
441,441,2.0,74.0,2.0
442,442,2.0,74.0,2.0
443,443,2.0,74.0,2.0
444,444,2.0,74.0,2.0
445,445,2.0,74.0,2.0
446,446,2.0,74.0,2.0
447,447,2.0,74.0,2.0
448,448,2.0,74.0,2.0
449,449,2.0,74.0,2.0
450,450,2.0,74.0,2.0
451,451,2.0,74.0,2.0
452,452,2.0,74.0,2.0
453,453,2.0,74.0,2.0
454,454,2.0,74.0,2.0
455,455,2.0,74.0,2.0
456,456,62.0,74.0,2.0
457,457,62.0,74.0,2.0
458,458,62.0,74.0,2.0
459,459,62.0,74.0,2.0
460,460,62.0,74.0,2.0
461,461,62.0,74.0,2.0
462,462,62.0,74.0,2.0
463,463,62.0,74.0,2.0
464,464,62.0,74.0,2.0
465,465,62.0,74.0,2.0
466,466,62.0,74.0,2.0
467,467,62.0,74.0,2.0
468,468,62.0,74.0,2.0
469,469,62.0,74.0,2.0
470,470,62.0,74.0,2.0
471,471,62.0,74.0,2.0
472,472,62.0,74.0,2.0
473,473,62.0,74.0,2.0
474,474,62.0,74.0,2.0
475,475,62.0,74.0,2.0
476,476,62.0,74.0,2.0
477,477,62.0,74.0,2.0
478,478,62.0,74.0,2.0
479,479,62.0,74.0,2.0
480,480,62.0,74.0,2.0
481,481,62.0,74.0,2.0
482,482,62.0,74.0,2.0
483,483,62.0,74.0,2.0
484,484,62.0,74.0,2.0
485,485,62.0,74.0,2.0
486,486,62.0,74.0,2.0
487,487,62.0,74.0,2.0
488,488,62.0,74.0,2.0
489,489,62.0,74.0,2.0
490,490,62.0,74.0,2.0
491,491,62.0,74.0,2.0
492,492,62.0,74.0,2.0
493,493,62.0,74.0,2.0
494,494,62.0,74.0,2.0
495,495,62.0,74.0,2.0
496,496,62.0,74.0,2.0
497,497,62.0,74.0,2.0
498,498,62.0,74.0,2.0
499,499,62.0,74.0,2.0
500,500,62.0,74.0,2.0
501,501,62.0,74.0,2.0
502,502,62.0,74.0,2.0
503,503,62.0,74.0,2.0
504,504,62.0,74.0,2.0
505,505,62.0,74.0,2.0
506,506,62.0,74.0,2.0
507,507,62.0,74.0,2.0
508,508,62.0,74.0,2.0
509,509,62.0,74.0,2.0
510,510,62.0,74.0,2.0
511,511,62.0,74.0,2.0
512,512,62.0,74.0,2.0
513,513,62.0,74.0,2.0
514,514,62.0,74.0,2.0
515,515,62.0,74.0,2.0
516,516,62.0,74.0,2.0
517,517,62.0,74.0,2.0
518,518,62.0,74.0,2.0
519,519,62.0,74.0,2.0
520,520,62.0,74.0,2.0
521,521,62.0,74.0,2.0
522,522,62.0,74.0,2.0
523,523,62.0,74.0,2.0
524,524,62.0,74.0,2.0
525,525,62.0,74.0,2.0
526,526,62.0,74.0,2.0
527,527,62.0,74.0,2.0
528,528,62.0,74.0,2.0
529,529,62.0,74.0,2.0
530,530,62.0,74.0,2.0
531,531,62.0,74.0,2.0
532,532,62.0,74.0,2.0
533,533,62.0,74.0,2.0
534,534,62.0,74.0,2.0
535,535,62.0,74.0,2.0
536,536,62.0,74.0,2.0
537,537,62.0,74.0,2.0
538,538,62.0,74.0,2.0
539,539,62.0,74.0,2.0
540,540,62.0,74.0,2.0
541,541,62.0,74.0,2.0
542,542,62.0,74.0,2.0
543,543,62.0,74.0,2.0
544,544,62.0,74.0,2.0
545,545,62.0,74.0,2.0
546,546,62.0,74.0,2.0
547,547,62.0,74.0,2.0
548,548,62.0,74.0,2.0
549,549,62.0,74.0,2.0
550,550,62.0,74.0,2.0
551,551,62.0,74.0,2.0
552,552,62.0,74.0,2.0
553,553,62.0,74.0,2.0
554,554,62.0,74.0,2.0
555,555,62.0,74.0,2.0
556,556,62.0,74.0,2.0
557,557,62.0,74.0,2.0
558,558,62.0,74.0,2.0
559,559,62.0,74.0,2.0
560,560,62.0,74.0,2.0
561,561,62.0,74.0,2.0
562,562,62.0,74.0,2.0
563,563,62.0,74.0,2.0
564,564,62.0,74.0,2.0
565,565,62.0,74.0,2.0
566,566,62.0,74.0,2.0
567,567,62.0,74.0,2.0
568,568,62.0,74.0,2.0
569,569,62.0,74.0,2.0
570,570,62.0,74.0,29.0
571,571,62.0,74.0,29.0
572,572,62.0,74.0,29.0
573,573,62.0,74.0,29.0
574,574,62.0,74.0,29.0
575,575,62.0,74.0,29.0
576,576,62.0,74.0,29.0
577,577,62.0,74.0,29.0
578,578,62.0,74.0,29.0
579,579,62.0,74.0,29.0
580,580,62.0,74.0,29.0
581,581,62.0,74.0,29.0
582,582,62.0,74.0,29.0
583,583,62.0,74.0,29.0
584,584,62.0,74.0,29.0
585,585,62.0,74.0,29.0
586,586,62.0,74.0,29.0
587,587,62.0,74.0,29.0
588,588,62.0,74.0,29.0
589,589,62.0,74.0,29.0
590,590,62.0,74.0,29.0
591,591,62.0,74.0,29.0
592,592,62.0,74.0,29.0
593,593,62.0,74.0,29.0
594,594,62.0,74.0,29.0
595,595,62.0,74.0,29.0
596,596,62.0,74.0,29.0
597,597,62.0,74.0,29.0
598,598,62.0,74.0,29.0
599,599,62.0,74.0,29.0
600,600,62.0,74.0,29.0
601,601,62.0,74.0,29.0
602,602,62.0,74.0,29.0
603,603,62.0,74.0,29.0
604,604,62.0,74.0,29.0
605,605,62.0,74.0,29.0
606,606,62.0,74.0,29.0
607,607,62.0,74.0,29.0
608,608,62.0,74.0,29.0
609,609,62.0,74.0,29.0
610,610,62.0,74.0,29.0
611,611,62.0,74.0,29.0
612,612,62.0,74.0,29.0
613,613,62.0,74.0,29.0
614,614,62.0,74.0,29.0
615,615,62.0,74.0,29.0
616,616,62.0,74.0,29.0
617,617,62.0,74.0,29.0
618,618,62.0,74.0,29.0
619,619,62.0,74.0,29.0
620,620,62.0,74.0,29.0
621,621,62.0,74.0,29.0
622,622,62.0,74.0,29.0
623,623,62.0,74.0,29.0
624,624,62.0,74.0,29.0
625,625,62.0,74.0,29.0
626,626,62.0,74.0,56.0
627,627,122.0,74.0,56.0
628,628,122.0,74.0,56.0
629,629,122.0,74.0,56.0
630,630,122.0,74.0,56.0
631,631,122.0,74.0,56.0
632,632,122.0,74.0,56.0
633,633,122.0,74.0,56.0
634,634,122.0,74.0,56.0
635,635,122.0,74.0,56.0
636,636,122.0,74.0,56.0
637,637,122.0,74.0,56.0
638,638,122.0,74.0,56.0
639,639,122.0,74.0,56.0
640,640,122.0,74.0,56.0
641,641,122.0,74.0,56.0
642,642,122.0,74.0,56.0
643,643,122.0,74.0,56.0
644,644,122.0,74.0,56.0
645,645,122.0,74.0,56.0
646,646,122.0,74.0,56.0
647,647,122.0,74.0,56.0
648,648,122.0,74.0,56.0
649,649,122.0,74.0,80.0
650,650,122.0,74.0,80.0
651,651,122.0,74.0,80.0
652,652,122.0,74.0,80.0
653,653,122.0,74.0,80.0
654,654,122.0,74.0,80.0
655,655,122.0,74.0,80.0
656,656,122.0,74.0,80.0
657,657,122.0,74.0,80.0
658,658,122.0,74.0,80.0
659,659,122.0,74.0,80.0
660,660,122.0,110.0,80.0
661,661,122.0,110.0,80.0
662,662,122.0,110.0,80.0
663,663,122.0,110.0,80.0
664,664,122.0,110.0,80.0
665,665,122.0,110.0,80.0
666,666,122.0,110.0,80.0
667,667,122.0,110.0,80.0
668,668,122.0,110.0,80.0
669,669,122.0,110.0,80.0
670,670,122.0,110.0,80.0
671,671,122.0,110.0,80.0
672,672,122.0,110.0,80.0
673,673,122.0,110.0,80.0
674,674,122.0,110.0,80.0
675,675,122.0,110.0,104.0
676,676,122.0,110.0,104.0
677,677,122.0,110.0,104.0
678,678,122.0,110.0,104.0
679,679,122.0,110.0,104.0
680,680,122.0,110.0,104.0
681,681,122.0,110.0,104.0
682,682,122.0,110.0,104.0
683,683,122.0,110.0,104.0
684,684,182.0,110.0,104.0
685,685,182.0,110.0,104.0
686,686,182.0,110.0,104.0
687,687,182.0,110.0,104.0
688,688,182.0,110.0,104.0
689,689,182.0,110.0,104.0
690,690,182.0,110.0,104.0
691,691,182.0,110.0,104.0
692,692,182.0,110.0,104.0
693,693,182.0,110.0,104.0
694,694,182.0,110.0,104.0
695,695,182.0,110.0,104.0
696,696,182.0,110.0,104.0
697,697,182.0,110.0,104.0
698,698,182.0,110.0,104.0
699,699,182.0,110.0,104.0
700,700,182.0,110.0,104.0
701,701,182.0,110.0,104.0
702,702,182.0,110.0,104.0
703,703,182.0,110.0,104.0
704,704,182.0,110.0,104.0
705,705,182.0,110.0,104.0
706,706,242.0,110.0,104.0
707,707,242.0,110.0,104.0
708,708,242.0,110.0,104.0
709,709,242.0,110.0,104.0
710,710,242.0,110.0,104.0
711,711,242.0,110.0,104.0
712,712,242.0,110.0,104.0
713,713,242.0,110.0,104.0
714,714,242.0,110.0,104.0
715,715,242.0,110.0,104.0
716,716,242.0,110.0,104.0
717,717,242.0,110.0,104.0
718,718,242.0,110.0,104.0
719,719,242.0,110.0,104.0
720,720,242.0,110.0,131.0
721,721,242.0,110.0,131.0
722,722,242.0,110.0,131.0
723,723,242.0,110.0,131.0
724,724,242.0,110.0,131.0
725,725,302.0,110.0,131.0
726,726,302.0,110.0,131.0
727,727,302.0,110.0,131.0
728,728,302.0,110.0,131.0
729,729,302.0,110.0,131.0
730,730,302.0,110.0,131.0
731,731,302.0,110.0,131.0
732,732,302.0,110.0,131.0
733,733,302.0,110.0,131.0
734,734,302.0,110.0,131.0
735,735,302.0,110.0,131.0
736,736,302.0,110.0,131.0
737,737,302.0,110.0,131.0
738,738,302.0,110.0,131.0
739,739,302.0,110.0,155.0
740,740,302.0,110.0,
741,741,302.0,110.0,
742,742,302.0,110.0,
743,743,302.0,110.0,
744,744,302.0,110.0,
745,745,302.0,110.0,
746,746,302.0,110.0,
747,747,302.0,110.0,
748,748,302.0,110.0,
749,749,302.0,110.0,
750,750,302.0,110.0,
751,751,302.0,110.0,
752,752,302.0,110.0,
753,753,302.0,110.0,
754,754,302.0,110.0,
755,755,362.0,110.0,
756,756,362.0,110.0,
757,757,362.0,146.0,
758,758,362.0,146.0,
759,759,362.0,146.0,
760,760,362.0,146.0,
761,761,362.0,146.0,
762,762,362.0,146.0,
763,763,362.0,146.0,
764,764,362.0,146.0,
765,765,362.0,146.0,
766,766,362.0,146.0,
767,767,362.0,146.0,
768,768,362.0,146.0,
769,769,362.0,146.0,
770,770,362.0,146.0,
771,771,362.0,146.0,
772,772,362.0,146.0,
773,773,362.0,146.0,
774,774,362.0,146.0,
775,775,362.0,146.0,
776,776,362.0,146.0,
777,777,362.0,146.0,
778,778,362.0,146.0,
779,779,362.0,146.0,
780,780,362.0,146.0,
781,781,362.0,146.0,
782,782,362.0,146.0,
783,783,362.0,146.0,
784,784,362.0,146.0,
785,785,362.0,146.0,
786,786,362.0,146.0,
787,787,362.0,146.0,
788,788,362.0,182.0,
789,789,362.0,182.0,
790,790,422.0,182.0,
791,791,422.0,182.0,
792,792,422.0,182.0,
793,793,422.0,182.0,
794,794,422.0,182.0,
795,795,422.0,182.0,
796,796,422.0,182.0,
797,797,422.0,182.0,
798,798,422.0,182.0,
799,799,422.0,182.0,
800,800,422.0,182.0,
801,801,422.0,182.0,
802,802,422.0,182.0,
803,803,422.0,182.0,
804,804,422.0,182.0,
805,805,422.0,182.0,
806,806,422.0,182.0,
807,807,422.0,182.0,
808,808,422.0,182.0,
809,809,422.0,182.0,
810,810,422.0,182.0,
811,811,422.0,182.0,
812,812,422.0,182.0,
813,813,422.0,182.0,
814,814,422.0,182.0,
815,815,422.0,182.0,
816,816,422.0,182.0,
817,817,422.0,182.0,
818,818,422.0,182.0,
819,819,422.0,182.0,
820,820,422.0,182.0,
821,821,422.0,218.0,
822,822,422.0,218.0,
823,823,422.0,218.0,
824,824,422.0,218.0,
825,825,422.0,218.0,
826,826,422.0,218.0,
827,827,422.0,218.0,
828,828,422.0,218.0,
829,829,422.0,218.0,
830,830,422.0,218.0,
831,831,422.0,218.0,
832,832,422.0,218.0,
833,833,482.0,218.0,
834,834,482.0,218.0,
835,835,482.0,218.0,
836,836,482.0,218.0,
837,837,482.0,218.0,
838,838,482.0,218.0,
839,839,482.0,218.0,
840,840,482.0,218.0,
841,841,482.0,218.0,
842,842,540.0,218.0,
843,843,540.0,218.0,
844,844,540.0,218.0,
845,845,540.0,218.0,
846,846,540.0,218.0,
847,847,540.0,218.0,
848,848,540.0,218.0,
849,849,540.0,218.0,
850,850,540.0,218.0,
851,851,540.0,218.0,
852,852,540.0,218.0,
853,853,540.0,218.0,
854,854,540.0,218.0,
855,855,540.0,254.0,
856,856,540.0,254.0,
857,857,540.0,254.0,
858,858,540.0,254.0,
859,859,540.0,254.0,
860,860,540.0,254.0,
861,861,540.0,254.0,
862,862,540.0,254.0,
863,863,540.0,254.0,
864,864,540.0,254.0,
865,865,540.0,254.0,
866,866,540.0,254.0,
867,867,540.0,254.0,
868,868,540.0,254.0,
869,869,540.0,254.0,
870,870,540.0,254.0,
871,871,540.0,254.0,
872,872,540.0,254.0,
873,873,540.0,254.0,
874,874,540.0,254.0,
875,875,540.0,254.0,
876,876,540.0,254.0,
877,877,540.0,254.0,
878,878,540.0,254.0,
879,879,540.0,254.0,
880,880,540.0,254.0,
881,881,540.0,254.0,
882,882,540.0,254.0,
883,883,540.0,254.0,
884,884,540.0,254.0,
885,885,540.0,254.0,
886,886,540.0,254.0,
887,887,540.0,254.0,
888,888,540.0,254.0,
889,889,540.0,254.0,
890,890,540.0,254.0,
891,891,540.0,254.0,
892,892,540.0,254.0,
893,893,540.0,254.0,
894,894,540.0,254.0,
895,895,540.0,254.0,
896,896,540.0,254.0,
897,897,597.0,254.0,
898,898,597.0,254.0,
899,899,597.0,254.0,
900,900,597.0,254.0,
901,901,597.0,254.0,
902,902,597.0,254.0,
903,903,597.0,254.0,
904,904,597.0,254.0,
905,905,597.0,254.0,
906,906,597.0,288.0,
907,907,597.0,288.0,
908,908,655.0,288.0,
909,909,655.0,288.0,
910,910,655.0,288.0,
911,911,655.0,288.0,
912,912,655.0,288.0,
913,913,655.0,288.0,
914,914,655.0,288.0,
915,915,655.0,288.0,
916,916,655.0,288.0,
917,917,655.0,288.0,
918,918,655.0,288.0,
919,919,655.0,288.0,
920,920,655.0,288.0,
921,921,655.0,288.0,
922,922,655.0,288.0,
923,923,655.0,288.0,
924,924,715.0,288.0,
925,925,715.0,288.0,
926,926,715.0,288.0,
927,927,715.0,288.0,
928,928,715.0,288.0,
929,929,715.0,288.0,
930,930,715.0,322.0,
931,931,715.0,322.0,
932,932,715.0,322.0,
933,933,715.0,322.0,
934,934,715.0,322.0,
935,935,715.0,322.0,
936,936,715.0,322.0,
937,937,715.0,322.0,
938,938,715.0,322.0,
939,939,715.0,322.0,
940,940,715.0,322.0,
941,941,715.0,322.0,
942,942,715.0,322.0,
943,943,715.0,322.0,
944,944,715.0,322.0,
945,945,715.0,322.0,
946,946,715.0,322.0,
947,947,715.0,322.0,
948,948,715.0,322.0,
949,949,715.0,322.0,
950,950,715.0,322.0,
951,951,715.0,322.0,
952,952,715.0,322.0,
953,953,715.0,322.0,
954,954,715.0,322.0,
955,955,715.0,322.0,
956,956,715.0,322.0,
957,957,775.0,322.0,
958,958,775.0,322.0,
959,959,775.0,322.0,
960,960,775.0,358.0,
961,961,775.0,358.0,
962,962,775.0,358.0,
963,963,775.0,358.0,
964,964,775.0,358.0,
965,965,775.0,358.0,
966,966,775.0,358.0,
967,967,775.0,358.0,
968,968,775.0,358.0,
969,969,835.0,358.0,
970,970,835.0,358.0,
971,971,835.0,358.0,
972,972,835.0,358.0,
973,973,835.0,358.0,
974,974,835.0,358.0,
975,975,895.0,358.0,
976,976,895.0,358.0,
977,977,895.0,358.0,
978,978,895.0,358.0,
979,979,895.0,358.0,
980,980,895.0,358.0,
981,981,895.0,358.0,
982,982,895.0,358.0,
983,983,895.0,358.0,
984,984,895.0,358.0,
985,985,895.0,358.0,
986,986,895.0,358.0,
987,987,895.0,358.0,
988,988,895.0,358.0,
989,989,895.0,358.0,
990,990,895.0,358.0,
991,991,895.0,358.0,
992,992,895.0,358.0,
993,993,895.0,358.0,
994,994,895.0,358.0,
995,995,895.0,358.0,
996,996,895.0,358.0,
997,997,895.0,358.0,
998,998,895.0,358.0,
999,999,895.0,358.0,
1000,1000,895.0,358.0,
1001,1001,895.0,358.0,
1002,1002,895.0,358.0,
1003,1003,895.0,358.0,
1004,1004,895.0,358.0,
1005,1005,895.0,358.0,
1006,1006,895.0,358.0,
1007,1007,955.0,358.0,
1008,1008,955.0,358.0,
1009,1009,955.0,358.0,
1010,1010,955.0,358.0,
1011,1011,955.0,358.0,
1012,1012,955.0,358.0,
1013,1013,955.0,358.0,
1014,1014,955.0,358.0,
1015,1015,955.0,358.0,
1016,1016,955.0,358.0,
1017,1017,955.0,358.0,
1018,1018,955.0,358.0,
1019,1019,955.0,358.0,
1020,1020,955.0,358.0,
1021,1021,955.0,358.0,
1022,1022,955.0,358.0,
1023,1023,955.0,358.0,
1024,1024,955.0,358.0,
1025,1025,955.0,358.0,
1026,1026,955.0,358.0,
1027,1027,955.0,358.0,
1028,1028,955.0,358.0,
1029,1029,955.0,358.0,
1030,1030,955.0,358.0,
1031,1031,955.0,358.0,
1032,1032,955.0,358.0,
1033,1033,955.0,358.0,
1034,1034,955.0,394.0,
1035,1035,955.0,394.0,
1036,1036,955.0,394.0,
1037,1037,955.0,394.0,
1038,1038,955.0,394.0,
1039,1039,955.0,394.0,
1040,1040,955.0,394.0,
1041,1041,955.0,394.0,
1042,1042,955.0,394.0,
1043,1043,955.0,394.0,
1044,1044,955.0,394.0,
1045,1045,955.0,394.0,
1046,1046,955.0,394.0,
1047,1047,955.0,394.0,
1048,1048,955.0,394.0,
1049,1049,955.0,394.0,
1050,1050,955.0,394.0,
1051,1051,955.0,394.0,
1052,1052,955.0,394.0,
1053,1053,955.0,394.0,
1054,1054,955.0,394.0,
1055,1055,955.0,394.0,
1056,1056,955.0,394.0,
1057,1057,955.0,394.0,
1058,1058,955.0,394.0,
1059,1059,955.0,394.0,
1060,1060,955.0,394.0,
1061,1061,955.0,394.0,
1062,1062,955.0,394.0,
1063,1063,1015.0,394.0,
1064,1064,1015.0,394.0,
1065,1065,1015.0,394.0,
1066,1066,1015.0,394.0,
1067,1067,1025.0,394.0,
1068,1068,1025.0,394.0,
1069,1069,1025.0,394.0,
1070,1070,1025.0,394.0,
1071,1071,1025.0,394.0,
1072,1072,1025.0,394.0,
1073,1073,1025.0,394.0,
1074,1074,1025.0,394.0,
1075,1075,1025.0,394.0,
1076,1076,1025.0,394.0,
1077,1077,1025.0,394.0,
1078,1078,1085.0,394.0,
1079,1079,1085.0,428.0,
1080,1080,1085.0,428.0,
1081,1081,1085.0,428.0,
1082,1082,1085.0,428.0,
1083,1083,1085.0,428.0,
1084,1084,1085.0,428.0,
1085,1085,1085.0,428.0,
1086,1086,1085.0,428.0,
1087,1087,1085.0,428.0,
1088,1088,1085.0,428.0,
1089,1089,1085.0,428.0,
1090,1090,1145.0,428.0,
1091,1091,1145.0,428.0,
1092,1092,1145.0,428.0,
1093,1093,1145.0,428.0,
1094,1094,1145.0,428.0,
1095,1095,1145.0,428.0,
1096,1096,1145.0,428.0,
1097,1097,1145.0,428.0,
1098,1098,1145.0,428.0,
1099,1099,1145.0,428.0,
1100,1100,1145.0,428.0,
1101,1101,1145.0,428.0,
1102,1102,1145.0,428.0,
1103,1103,1145.0,428.0,
1104,1104,1145.0,428.0,
1105,1105,1145.0,428.0,
1106,1106,1205.0,428.0,
1107,1107,1205.0,428.0,
1108,1108,1205.0,428.0,
1109,1109,1205.0,428.0,
1110,1110,1205.0,428.0,
1111,1111,1205.0,428.0,
1112,1112,1205.0,428.0,
1113,1113,1265.0,428.0,
1114,1114,1265.0,428.0,
1115,1115,1265.0,428.0,
1116,1116,1325.0,428.0,
1117,1117,1325.0,428.0,
1118,1118,1325.0,428.0,
1119,1119,1325.0,428.0,
1120,1120,1325.0,428.0,
1121,1121,1325.0,428.0,
1122,1122,1325.0,428.0,
1123,1123,1325.0,428.0,
1124,1124,1325.0,428.0,
1125,1125,1325.0,428.0,
1126,1126,1385.0,428.0,
1127,1127,1385.0,428.0,
1128,1128,1385.0,428.0,
1129,1129,1385.0,428.0,
1130,1130,1385.0,428.0,
1131,1131,1385.0,428.0,
1132,1132,1385.0,428.0,
1133,1133,1385.0,428.0,
1134,1134,1385.0,428.0,
1135,1135,1385.0,428.0,
1136,1136,1385.0,428.0,
1137,1137,1385.0,428.0,
1138,1138,1385.0,428.0,
1139,1139,1385.0,428.0,
1140,1140,1445.0,428.0,
1141,1141,1445.0,428.0,
1142,1142,1445.0,428.0,
1143,1143,1445.0,428.0,
1144,1144,1445.0,428.0,
1145,1145,1445.0,428.0,
1146,1146,1445.0,428.0,
1147,1147,1445.0,428.0,
1148,1148,1445.0,428.0,
1149,1149,1445.0,428.0,
1150,1150,1445.0,428.0,
1151,1151,1445.0,428.0,
1152,1152,1445.0,428.0,
1153,1153,1445.0,428.0,
1154,1154,1445.0,428.0,
1155,1155,1445.0,428.0,
1156,1156,1445.0,428.0,
1157,1157,1445.0,428.0,
1158,1158,1445.0,428.0,
1159,1159,1445.0,428.0,
1160,1160,1445.0,428.0,
1161,1161,1445.0,428.0,
1162,1162,1505.0,428.0,
1163,1163,1505.0,428.0,
1164,1164,1505.0,428.0,
1165,1165,1505.0,428.0,
1166,1166,1505.0,428.0,
1167,1167,1565.0,428.0,
1168,1168,1565.0,428.0,
1169,1169,1565.0,428.0,
1170,1170,1565.0,428.0,
1171,1171,1565.0,428.0,
1172,1172,1625.0,428.0,
1173,1173,1625.0,428.0,
1174,1174,1625.0,428.0,
1175,1175,1625.0,428.0,
1176,1176,1625.0,428.0,
1177,1177,1625.0,428.0,
1178,1178,1677.0,428.0,
1179,1179,1677.0,428.0,
1180,1180,1677.0,428.0,
1181,1181,1677.0,428.0,
1182,1182,1677.0,428.0,
1183,1183,1677.0,428.0,
1184,1184,1677.0,428.0,
1185,1185,1677.0,428.0,
1186,1186,1677.0,428.0,
1187,1187,1677.0,428.0,
1188,1188,1677.0,428.0,
1189,1189,1737.0,428.0,
1190,1190,1737.0,428.0,
1191,1191,1737.0,428.0,
1192,1192,1737.0,428.0,
1193,1193,1737.0,428.0,
1194,1194,1737.0,428.0,
1195,1195,1737.0,428.0,
1196,1196,1737.0,428.0,
1197,1197,1737.0,428.0,
1198,1198,1737.0,428.0,
1199,1199,1737.0,428.0,
1200,1200,1737.0,428.0,
1201,1201,1737.0,428.0,
1202,1202,1737.0,428.0,
1203,1203,1737.0,428.0,
1204,1204,1737.0,428.0,
1205,1205,1737.0,428.0,
1206,1206,1737.0,428.0,
1207,1207,1737.0,428.0,
1208,1208,1737.0,428.0,
1209,1209,1737.0,428.0,
1210,1210,1737.0,428.0,
1211,1211,1737.0,428.0,
1212,1212,1737.0,428.0,
1213,1213,1737.0,428.0,
1214,1214,1737.0,428.0,
1215,1215,1737.0,428.0,
1216,1216,1737.0,428.0,
1217,1217,1737.0,428.0,
1218,1218,1737.0,428.0,
1219,1219,1737.0,428.0,
1220,1220,1737.0,428.0,
1221,1221,1737.0,428.0,
1222,1222,1737.0,428.0,
1223,1223,1737.0,428.0,
1224,1224,1740.0,428.0,
1225,1225,1740.0,428.0,
1226,1226,1740.0,428.0,
1227,1227,1740.0,428.0,
1228,1228,1740.0,428.0,
1229,1229,1740.0,428.0,
1230,1230,1740.0,428.0,
1231,1231,1740.0,428.0,
1232,1232,1740.0,428.0,
1233,1233,1740.0,428.0,
1234,1234,1740.0,428.0,
1235,1235,1740.0,428.0,
1236,1236,1740.0,428.0,
1237,1237,1740.0,428.0,
1238,1238,1740.0,428.0,
1239,1239,1740.0,428.0,
1240,1240,1740.0,428.0,
1241,1241,1740.0,428.0,
1242,1242,1740.0,428.0,
1243,1243,1740.0,428.0,
1244,1244,1740.0,428.0,
1245,1245,1740.0,428.0,
1246,1246,1740.0,428.0,
1247,1247,1740.0,428.0,
1248,1248,1740.0,428.0,
1249,1249,1740.0,428.0,
1250,1250,1740.0,428.0,
1251,1251,1740.0,428.0,
1252,1252,1740.0,428.0,
1253,1253,1740.0,428.0,
1254,1254,1740.0,428.0,
1255,1255,1740.0,428.0,
1256,1256,1740.0,428.0,
1257,1257,1740.0,428.0,
1258,1258,1740.0,428.0,
1259,1259,1740.0,428.0,
1260,1260,1740.0,428.0,
1261,1261,1740.0,428.0,
1262,1262,1740.0,428.0,
1263,1263,1740.0,428.0,
1264,1264,1740.0,428.0,
1265,1265,1740.0,428.0,
1266,1266,1740.0,428.0,
1267,1267,1740.0,428.0,
1268,1268,1740.0,428.0,
1269,1269,1740.0,428.0,
1270,1270,1740.0,428.0,
1271,1271,1740.0,428.0,
1272,1272,1740.0,428.0,
1273,1273,1740.0,428.0,
1274,1274,1740.0,428.0,
1275,1275,1740.0,428.0,
1276,1276,1740.0,428.0,
1277,1277,1740.0,428.0,
1278,1278,1740.0,428.0,
1279,1279,1740.0,428.0,
1280,1280,1740.0,428.0,
1281,1281,1740.0,428.0,
1282,1282,1740.0,428.0,
1283,1283,1740.0,428.0,
1284,1284,1740.0,428.0,
1285,1285,1740.0,428.0,
1286,1286,1740.0,428.0,
1287,1287,1740.0,428.0,
1288,1288,1740.0,428.0,
1289,1289,1740.0,428.0,
1290,1290,1740.0,428.0,
1291,1291,1740.0,428.0,
1292,1292,1740.0,428.0,
1293,1293,1740.0,428.0,
1294,1294,1740.0,428.0,
1295,1295,1740.0,428.0,
1296,1296,1740.0,428.0,
1297,1297,1740.0,428.0,
1298,1298,1740.0,428.0,
1299,1299,1740.0,428.0,
1300,1300,1791.0,428.0,
1301,1301,1791.0,428.0,
1302,1302,1791.0,428.0,
1303,1303,1791.0,428.0,
1304,1304,1791.0,428.0,
1305,1305,1791.0,428.0,
1306,1306,1791.0,428.0,
1307,1307,1791.0,428.0,
1308,1308,1791.0,428.0,
1309,1309,1791.0,428.0,
1310,1310,1791.0,428.0,
1311,1311,1791.0,428.0,
1312,1312,1791.0,428.0,
1313,1313,1791.0,428.0,
1314,1314,1791.0,428.0,
1315,1315,1791.0,428.0,
1316,1316,1791.0,428.0,
1317,1317,1791.0,428.0,
1318,1318,1791.0,428.0,
1319,1319,1791.0,428.0,
1320,1320,1791.0,428.0,
1321,1321,1791.0,428.0,
1322,1322,1791.0,428.0,
1323,1323,1791.0,428.0,
1324,1324,1791.0,428.0,
1325,1325,1791.0,428.0,
1326,1326,1791.0,428.0,
1327,1327,1791.0,428.0,
1328,1328,1791.0,428.0,
1329,1329,1791.0,428.0,
1330,1330,1791.0,428.0,
1331,1331,1791.0,428.0,
1332,1332,1791.0,428.0,
1333,1333,1791.0,464.0,
1334,1334,1791.0,464.0,
1335,1335,1791.0,464.0,
1336,1336,1791.0,464.0,
1337,1337,1791.0,464.0,
1338,1338,1791.0,464.0,
1339,1339,1791.0,464.0,
1340,1340,1791.0,464.0,
1341,1341,1791.0,464.0,
1342,1342,1791.0,464.0,
1343,1343,1791.0,464.0,
1344,1344,1791.0,464.0,
1345,1345,1791.0,464.0,
1346,1346,1791.0,464.0,
1347,1347,1791.0,464.0,
1348,1348,1791.0,464.0,
1349,1349,1791.0,464.0,
1350,1350,1791.0,464.0,
1351,1351,1791.0,464.0,
1352,1352,1791.0,464.0,
1353,1353,1791.0,464.0,
1354,1354,1791.0,464.0,
1355,1355,1791.0,464.0,
1356,1356,1791.0,464.0,
1357,1357,1791.0,464.0,
1358,1358,1791.0,464.0,
1359,1359,1791.0,464.0,
1360,1360,1844.0,464.0,
1361,1361,1844.0,464.0,
1362,1362,1844.0,464.0,
1363,1363,1844.0,464.0,
1364,1364,1844.0,464.0,
1365,1365,1844.0,464.0,
1366,1366,1844.0,464.0,
1367,1367,1844.0,464.0,
1368,1368,1844.0,464.0,
1369,1369,1844.0,464.0,
1370,1370,1844.0,464.0,
1371,1371,1844.0,464.0,
1372,1372,1844.0,464.0,
1373,1373,1844.0,464.0,
1374,1374,1844.0,464.0,
1375,1375,1844.0,464.0,
1376,1376,1844.0,464.0,
1377,1377,1844.0,464.0,
1378,1378,1844.0,464.0,
1379,1379,1892.0,464.0,
1380,1380,1892.0,504.0,
1381,1381,1892.0,504.0,
1382,1382,1892.0,504.0,
1383,1383,1892.0,504.0,
1384,1384,1892.0,504.0,
1385,1385,1892.0,504.0,
1386,1386,1892.0,504.0,
1387,1387,1892.0,504.0,
1388,1388,1892.0,504.0,
1389,1389,1892.0,504.0,
1390,1390,1892.0,504.0,
1391,1391,1892.0,504.0,
1392,1392,1892.0,504.0,
1393,1393,1892.0,504.0,
1394,1394,1892.0,504.0,
1395,1395,1944.0,504.0,
1396,1396,1944.0,504.0,
1397,1397,1944.0,504.0,
1398,1398,1944.0,504.0,
1399,1399,1944.0,504.0,
1400,1400,1944.0,504.0,
1401,1401,1944.0,504.0,
1402,1402,1944.0,504.0,
1403,1403,1944.0,504.0,
1404,1404,1944.0,504.0,
1405,1405,1944.0,504.0,
1406,1406,1944.0,504.0,
1407,1407,1944.0,504.0,
1408,1408,1944.0,504.0,
1409,1409,1944.0,504.0,
1410,1410,1944.0,504.0,
1411,1411,1944.0,504.0,
1412,1412,1944.0,504.0,
1413,1413,1944.0,544.0,
1414,1414,1993.0,544.0,
1415,1415,1993.0,544.0,
1416,1416,1993.0,544.0,
1417,1417,1993.0,544.0,
1418,1418,1993.0,544.0,
1419,1419,1993.0,544.0,
1420,1420,1993.0,544.0,
1421,1421,1993.0,544.0,
1422,1422,1993.0,544.0,
1423,1423,1993.0,544.0,
1424,1424,1993.0,544.0,
1425,1425,1993.0,544.0,
1426,1426,1993.0,544.0,
1427,1427,2042.0,544.0,
1428,1428,2042.0,544.0,
1429,1429,2042.0,544.0,
1430,1430,2042.0,544.0,
1431,1431,2042.0,544.0,
1432,1432,2042.0,544.0,
1433,1433,2042.0,544.0,
1434,1434,2042.0,544.0,
1435,1435,2042.0,544.0,
1436,1436,2042.0,544.0,
1437,1437,2042.0,544.0,
1438,1438,2042.0,544.0,
1439,1439,2042.0,544.0,
1440,1440,2042.0,544.0,
1441,1441,2042.0,544.0,
1442,1442,2059.0,544.0,
1443,1443,2059.0,544.0,
1444,1444,2059.0,544.0,
1445,1445,2059.0,544.0,
1446,1446,2059.0,544.0,
1447,1447,2059.0,544.0,
1448,1448,2059.0,544.0,
1449,1449,2059.0,544.0,
1450,1450,2059.0,544.0,
1451,1451,2059.0,544.0,
1452,1452,2059.0,544.0,
1453,1453,2059.0,544.0,
1454,1454,2059.0,544.0,
1455,1455,2059.0,544.0,
1456,1456,2059.0,544.0,
1457,1457,2059.0,544.0,
1458,1458,2059.0,544.0,
1459,1459,2059.0,544.0,
1460,1460,2105.0,544.0,
1461,1461,2105.0,544.0,
1462,1462,2105.0,544.0,
1463,1463,2105.0,544.0,
1464,1464,2155.0,544.0,
1465,1465,2155.0,544.0,
1466,1466,2155.0,544.0,
1467,1467,2155.0,544.0,
1468,1468,2155.0,544.0,
1469,1469,2155.0,544.0,
1470,1470,2202.0,544.0,
1471,1471,2202.0,584.0,
1472,1472,2202.0,584.0,
1473,1473,2202.0,584.0,
1474,1474,2202.0,584.0,
1475,1475,2202.0,584.0,
1476,1476,2250.0,584.0,
1477,1477,2250.0,584.0,
1478,1478,2250.0,584.0,
1479,1479,2250.0,584.0,
1480,1480,2250.0,584.0,
1481,1481,2250.0,584.0,
1482,1482,2250.0,584.0,
1483,1483,2250.0,584.0,
1484,1484,2250.0,584.0,
1485,1485,2250.0,584.0,
1486,1486,2303.0,584.0,
1487,1487,2303.0,584.0,
1488,1488,2303.0,620.0,
1489,1489,2303.0,620.0,
1490,1490,2303.0,620.0,
1491,1491,2303.0,620.0,
1492,1492,2303.0,620.0,
1493,1493,2303.0,620.0,
1494,1494,2303.0,620.0,
1495,1495,2303.0,620.0,
1496,1496,2303.0,620.0,
1497,1497,2303.0,620.0,
1498,1498,2303.0,620.0,
1499,1499,2303.0,620.0,
1500,1500,2303.0,620.0,
1501,1501,2303.0,620.0,
1502,1502,2303.0,620.0,
1503,1503,2303.0,620.0,
1504,1504,2303.0,620.0,
1505,1505,2303.0,620.0,
1506,1506,2303.0,620.0,
1507,1507,2303.0,620.0,
1508,1508,2303.0,620.0,
1509,1509,2303.0,620.0,
1510,1510,2303.0,620.0,
1511,1511,2303.0,620.0,
1512,1512,2303.0,620.0,
1513,1513,2303.0,620.0,
1514,1514,2303.0,620.0,
1515,1515,2303.0,620.0,
1516,1516,2303.0,620.0,
1517,1517,2303.0,620.0,
1518,1518,2303.0,620.0,
1519,1519,2356.0,620.0,
1520,1520,2356.0,620.0,
1521,1521,2356.0,620.0,
1522,1522,2356.0,620.0,
1523,1523,2356.0,620.0,
1524,1524,2356.0,620.0,
1525,1525,2356.0,620.0,
1526,1526,2356.0,620.0,
1527,1527,2409.0,620.0,
1528,1528,2409.0,620.0,
1529,1529,2409.0,620.0,
1530,1530,2409.0,620.0,
1531,1531,2409.0,620.0,
1532,1532,2409.0,620.0,
1533,1533,2409.0,620.0,
1534,1534,2462.0,620.0,
1535,1535,2462.0,620.0,
1536,1536,2462.0,620.0,
1537,1537,2462.0,620.0,
1538,1538,2462.0,620.0,
1539,1539,2462.0,620.0,
1540,1540,2462.0,620.0,
1541,1541,2515.0,620.0,
1542,1542,2568.0,620.0,
1543,1543,2568.0,636.0,
1544,1544,2568.0,636.0,
1545,1545,2568.0,636.0,
1546,1546,2621.0,636.0,
1547,1547,2621.0,636.0,
1548,1548,2621.0,636.0,
1549,1549,2621.0,636.0,
1550,1550,2621.0,636.0,
1551,1551,2621.0,636.0,
1552,1552,2621.0,636.0,
1553,1553,2621.0,636.0,
1554,1554,2621.0,636.0,
1555,1555,2621.0,636.0,
1556,1556,2621.0,636.0,
1557,1557,2621.0,636.0,
1558,1558,2621.0,636.0,
1559,1559,2621.0,636.0,
1560,1560,2621.0,636.0,
1561,1561,2621.0,636.0,
1562,1562,2621.0,636.0,
1563,1563,2621.0,636.0,
1564,1564,2621.0,636.0,
1565,1565,2621.0,636.0,
1566,1566,2621.0,636.0,
1567,1567,2621.0,636.0,
1568,1568,2621.0,636.0,
1569,1569,2621.0,636.0,
1570,1570,2621.0,636.0,
1571,1571,2621.0,636.0,
1572,1572,2621.0,636.0,
1573,1573,2621.0,636.0,
1574,1574,2621.0,636.0,
1575,1575,2621.0,636.0,
1576,1576,2674.0,636.0,
1577,1577,2674.0,636.0,
1578,1578,2674.0,636.0,
1579,1579,2674.0,636.0,
1580,1580,2674.0,636.0,
1581,1581,2674.0,636.0,
1582,1582,2674.0,636.0,
1583,1583,2674.0,636.0,
1584,1584,2674.0,636.0,
1585,1585,2674.0,636.0,
1586,1586,2674.0,636.0,
1587,1587,2674.0,636.0,
1588,1588,2674.0,636.0,
1589,1589,2674.0,636.0,
1590,1590,2674.0,636.0,
1591,1591,2674.0,636.0,
1592,1592,2674.0,636.0,
1593,1593,2674.0,636.0,
1594,1594,2674.0,636.0,
1595,1595,2674.0,636.0,
1596,1596,2727.0,636.0,
1597,1597,2727.0,636.0,
1598,1598,2727.0,636.0,
1599,1599,2727.0,636.0,
1600,1600,2773.0,636.0,
1601,1601,2773.0,636.0,
1602,1602,2773.0,636.0,
1603,1603,2773.0,636.0,
1604,1604,2773.0,636.0,
1605,1605,2773.0,636.0,
1606,1606,2826.0,636.0,
1607,1607,2826.0,636.0,
1608,1608,2826.0,636.0,
1609,1609,2826.0,636.0,
1610,1610,2826.0,636.0,
1611,1611,2872.0,636.0,
1612,1612,2872.0,636.0,
1613,1613,2925.0,636.0,
1614,1614,2925.0,636.0,
1615,1615,2925.0,636.0,
1616,1616,2925.0,636.0,
1617,1617,2925.0,636.0,
1618,1618,2925.0,636.0,
1619,1619,2925.0,636.0,
1620,1620,2925.0,636.0,
1621,1621,2925.0,636.0,
1622,1622,2925.0,636.0,
1623,1623,2925.0,636.0,
1624,1624,2925.0,636.0,
1625,1625,2925.0,636.0,
1626,1626,2925.0,636.0,
1627,1627,2925.0,636.0,
1628,1628,2925.0,636.0,
1629,1629,2925.0,636.0,
1630,1630,2977.0,636.0,
1631,1631,2977.0,636.0,
1632,1632,3023.0,636.0,
1633,1633,3023.0,636.0,
1634,1634,3023.0,636.0,
1635,1635,3023.0,636.0,
1636,1636,3023.0,636.0,
1637,1637,3023.0,636.0,
1638,1638,3023.0,636.0,
1639,1639,3076.0,636.0,
1640,1640,3076.0,636.0,
1641,1641,3076.0,636.0,
1642,1642,3076.0,636.0,
1643,1643,3076.0,636.0,
1644,1644,3076.0,636.0,
1645,1645,3076.0,636.0,
1646,1646,3076.0,636.0,
1647,1647,3076.0,636.0,
1648,1648,3130.0,636.0,
1649,1649,3130.0,636.0,
1650,1650,3130.0,636.0,
1651,1651,3176.0,636.0,
1652,1652,3176.0,636.0,
1653,1653,3176.0,636.0,
1654,1654,3176.0,636.0,
1655,1655,3176.0,636.0,
1656,1656,3227.0,636.0,
1657,1657,3227.0,636.0,
1658,1658,3227.0,636.0,
1659,1659,3227.0,636.0,
1660,1660,3227.0,636.0,
1661,1661,3227.0,636.0,
1662,1662,3261.0,636.0,
1663,1663,3261.0,636.0,
1664,1664,3261.0,636.0,
1665,1665,3261.0,636.0,
1666,1666,3261.0,636.0,
1667,1667,3261.0,636.0,
1668,1668,3261.0,636.0,
1669,1669,3261.0,636.0,
1670,1670,3315.0,636.0,
1671,1671,3315.0,636.0,
1672,1672,3315.0,636.0,
1673,1673,3315.0,636.0,
1674,1674,3315.0,636.0,
1675,1675,3367.0,636.0,
1676,1676,3367.0,636.0,
1677,1677,3367.0,636.0,
1678,1678,3367.0,636.0,
1679,1679,3367.0,636.0,
1680,1680,3367.0,636.0,
1681,1681,3367.0,636.0,
1682,1682,3367.0,636.0,
1683,1683,3367.0,636.0,
1684,1684,3367.0,636.0,
1685,1685,3367.0,636.0,
1686,1686,3419.0,636.0,
1687,1687,3419.0,636.0,
1688,1688,3419.0,636.0,
1689,1689,3419.0,636.0,
1690,1690,3419.0,636.0,
1691,1691,3419.0,636.0,
1692,1692,3419.0,636.0,
1693,1693,3419.0,636.0,
1694,1694,3419.0,636.0,
1695,1695,3419.0,636.0,
1696,1696,3419.0,636.0,
1697,1697,3419.0,636.0,
1698,1698,3419.0,636.0,
1699,1699,3419.0,636.0,
1700,1700,3419.0,636.0,
1701,1701,3473.0,636.0,
1702,1702,3473.0,636.0,
1703,1703,3473.0,636.0,
1704,1704,3473.0,636.0,
1705,1705,3473.0,636.0,
1706,1706,3473.0,636.0,
1707,1707,3473.0,636.0,
1708,1708,3473.0,636.0,
1709,1709,3526.0,636.0,
1710,1710,3526.0,636.0,
1711,1711,3526.0,636.0,
1712,1712,3526.0,636.0,
1713,1713,3526.0,636.0,
1714,1714,3526.0,636.0,
1715,1715,3526.0,636.0,
1716,1716,3526.0,636.0,
1717,1717,3526.0,636.0,
1718,1718,3526.0,636.0,
1719,1719,3526.0,636.0,
1720,1720,3526.0,636.0,
1721,1721,3526.0,636.0,
1722,1722,3526.0,636.0,
1723,1723,3526.0,636.0,
1724,1724,3526.0,636.0,
1725,1725,3526.0,636.0,
1726,1726,3526.0,636.0,
1727,1727,3526.0,636.0,
1728,1728,3526.0,636.0,
1729,1729,3526.0,636.0,
1730,1730,3526.0,636.0,
1731,1731,3526.0,636.0,
1732,1732,3526.0,636.0,
1733,1733,3526.0,636.0,
1734,1734,3526.0,636.0,
1735,1735,3526.0,636.0,
1736,1736,3526.0,636.0,
1737,1737,3526.0,636.0,
1738,1738,3526.0,636.0,
1739,1739,3526.0,636.0,
1740,1740,3526.0,636.0,
1741,1741,3526.0,636.0,
1742,1742,3526.0,636.0,
1743,1743,3526.0,636.0,
1744,1744,3526.0,636.0,
1745,1745,3526.0,636.0,
1746,1746,3526.0,636.0,
1747,1747,3526.0,636.0,
1748,1748,3526.0,636.0,
1749,1749,3526.0,636.0,
1750,1750,3526.0,636.0,
1751,1751,3526.0,636.0,
1752,1752,3526.0,636.0,
1753,1753,3526.0,636.0,
1754,1754,3526.0,636.0,
1755,1755,3526.0,636.0,
1756,1756,3526.0,636.0,
1757,1757,3526.0,636.0,
1758,1758,3526.0,636.0,
1759,1759,3580.0,636.0,
1760,1760,3580.0,636.0,
1761,1761,3580.0,636.0,
1762,1762,3580.0,636.0,
1763,1763,3580.0,636.0,
1764,1764,3580.0,636.0,
1765,1765,3580.0,636.0,
1766,1766,3580.0,636.0,
1767,1767,3580.0,636.0,
1768,1768,3580.0,636.0,
1769,1769,3580.0,636.0,
1770,1770,3634.0,636.0,
1771,1771,3634.0,636.0,
1772,1772,3634.0,636.0,
1773,1773,3634.0,636.0,
1774,1774,3634.0,636.0,
1775,1775,3634.0,636.0,
1776,1776,3634.0,636.0,
1777,1777,3634.0,636.0,
1778,1778,3634.0,636.0,
1779,1779,3634.0,636.0,
1780,1780,3634.0,636.0,
1781,1781,3634.0,636.0,
1782,1782,3634.0,636.0,
1783,1783,3634.0,636.0,
1784,1784,3634.0,636.0,
1785,1785,3634.0,636.0,
1786,1786,3634.0,636.0,
1787,1787,3634.0,636.0,
1788,1788,3634.0,636.0,
1789,1789,3634.0,636.0,
1790,1790,3634.0,636.0,
1791,1791,3634.0,636.0,
1792,1792,3685.0,636.0,
1793,1793,3685.0,636.0,
1794,1794,3685.0,636.0,
1795,1795,3685.0,636.0,
1796,1796,3685.0,636.0,
1797,1797,3685.0,636.0,
1798,1798,3685.0,636.0,
1799,1799,3741.0,636.0,
1800,1800,3741.0,636.0,
1801,1801,3741.0,636.0,
1802,1802,3741.0,636.0,
1803,1803,3741.0,636.0,
1804,1804,3790.0,636.0,
1805,1805,3790.0,636.0,
1806,1806,3843.0,636.0,
1807,1807,3843.0,636.0,
1808,1808,3843.0,636.0,
1809,1809,3843.0,636.0,
1810,1810,3843.0,636.0,
1811,1811,3843.0,636.0,
1812,1812,3843.0,636.0,
1813,1813,3843.0,636.0,
1814,1814,3843.0,636.0,
1815,1815,3843.0,636.0,
1816,1816,3898.0,636.0,
1817,1817,3898.0,636.0,
1818,1818,3898.0,636.0,
1819,1819,3898.0,636.0,
1820,1820,3898.0,636.0,
1821,1821,3949.0,636.0,
1822,1822,3949.0,636.0,
1823,1823,3949.0,636.0,
1824,1824,3949.0,636.0,
1825,1825,3949.0,636.0,
1826,1826,3949.0,636.0,
1827,1827,3949.0,636.0,
1828,1828,3949.0,636.0,
1829,1829,3949.0,636.0,
1830,1830,3949.0,636.0,
1831,1831,3970.0,636.0,
1832,1832,3970.0,636.0,
1833,1833,3970.0,636.0,
1834,1834,3970.0,636.0,
1835,1835,4021.0,636.0,
1836,1836,4021.0,636.0,
1837,1837,4021.0,636.0,
1838,1838,4021.0,636.0,
1839,1839,4021.0,636.0,
1840,1840,4021.0,636.0,
1841,1841,4021.0,636.0,
1842,1842,4021.0,636.0,
1843,1843,4021.0,636.0,
1844,1844,4021.0,636.0,
1845,1845,4021.0,636.0,
1846,1846,4021.0,636.0,
1847,1847,4021.0,636.0,
1848,1848,4021.0,636.0,
1849,1849,4073.0,636.0,
1850,1850,4073.0,636.0,
1851,1851,4073.0,636.0,
1852,1852,4073.0,636.0,
1853,1853,4073.0,636.0,
1854,1854,4073.0,636.0,
1855,1855,4073.0,636.0,
1856,1856,4129.0,636.0,
1857,1857,4129.0,636.0,
1858,1858,4129.0,636.0,
1859,1859,4129.0,636.0,
1860,1860,4129.0,636.0,
1861,1861,4185.0,636.0,
1862,1862,4185.0,636.0,
1863,1863,4185.0,636.0,
1864,1864,4185.0,636.0,
1865,1865,4185.0,636.0,
1866,1866,4185.0,636.0,
1867,1867,4185.0,636.0,
1868,1868,4185.0,636.0,
1869,1869,4185.0,636.0,
1870,1870,4185.0,636.0,
1871,1871,4185.0,636.0,
1872,1872,4185.0,636.0,
1873,1873,4185.0,636.0,
1874,1874,4185.0,636.0,
1875,1875,4185.0,636.0,
1876,1876,4185.0,636.0,
1877,1877,4185.0,636.0,
1878,1878,4185.0,636.0,
1879,1879,4185.0,636.0,
1880,1880,4185.0,636.0,
1881,1881,4185.0,636.0,
1882,1882,4206.0,636.0,
1883,1883,4206.0,636.0,
1884,1884,4206.0,636.0,
1885,1885,4206.0,636.0,
1886,1886,4206.0,636.0,
1887,1887,4206.0,636.0,
1888,1888,4206.0,636.0,
1889,1889,4206.0,636.0,
1890,1890,4252.0,636.0,
1891,1891,4252.0,636.0,
1892,1892,4252.0,636.0,
1893,1893,4252.0,636.0,
1894,1894,4252.0,636.0,
1895,1895,4252.0,636.0,
1896,1896,4252.0,636.0,
1897,1897,4308.0,636.0,
1898,1898,4308.0,636.0,
1899,1899,4308.0,636.0,
1900,1900,4308.0,636.0,
1901,1901,4308.0,636.0,
1902,1902,4308.0,636.0,
1903,1903,4359.0,636.0,
1904,1904,4359.0,636.0,
1905,1905,4359.0,636.0,
1906,1906,4359.0,636.0,
1907,1907,4415.0,636.0,
1908,1908,4415.0,636.0,
1909,1909,4415.0,636.0,
1910,1910,4415.0,636.0,
1911,1911,4415.0,636.0,
1912,1912,4437.0,636.0,
1913,1913,4437.0,636.0,
1914,1914,4437.0,636.0,
1915,1915,4437.0,636.0,
1916,1916,4437.0,636.0,
1917,1917,4437.0,636.0,
1918,1918,4437.0,636.0,
1919,1919,4437.0,636.0,
1920,1920,4437.0,636.0,
1921,1921,4437.0,636.0,
1922,1922,4437.0,636.0,
1923,1923,4437.0,636.0,
1924,1924,4489.0,636.0,
1925,1925,4489.0,636.0,
1926,1926,4489.0,636.0,
1927,1927,4489.0,636.0,
1928,1928,4511.0,636.0,
1929,1929,4511.0,636.0,
1930,1930,4511.0,636.0,
1931,1931,4511.0,636.0,
1932,1932,4511.0,636.0,
1933,1933,4511.0,636.0,
1934,1934,4511.0,636.0,
1935,1935,4511.0,636.0,
1936,1936,4563.0,636.0,
1937,1937,4563.0,636.0,
1938,1938,4563.0,636.0,
1939,1939,4563.0,636.0,
1940,1940,4563.0,636.0,
1941,1941,4563.0,636.0,
1942,1942,4563.0,636.0,
1943,1943,4563.0,636.0,
1944,1944,4563.0,636.0,
1945,1945,4563.0,636.0,
1946,1946,4610.0,636.0,
1947,1947,4666.0,636.0,
1948,1948,4666.0,636.0,
1949,1949,4666.0,636.0,
1950,1950,4666.0,636.0,
1951,1951,4666.0,636.0,
1952,1952,4666.0,636.0,
1953,1953,4666.0,636.0,
1954,1954,4666.0,636.0,
1955,1955,4666.0,636.0,
1956,1956,4666.0,636.0,
1957,1957,4666.0,636.0,
1958,1958,4666.0,636.0,
1959,1959,4666.0,636.0,
1960,1960,4666.0,636.0,
1961,1961,4714.0,636.0,
1962,1962,4714.0,636.0,
1963,1963,4714.0,636.0,
1964,1964,4736.0,636.0,
1965,1965,4736.0,636.0,
1966,1966,4736.0,636.0,
1967,1967,4736.0,636.0,
1968,1968,4736.0,636.0,
1969,1969,4736.0,636.0,
1970,1970,4790.0,636.0,
1971,1971,4790.0,636.0,
1972,1972,4790.0,636.0,
1973,1973,4790.0,636.0,
1974,1974,4805.0,636.0,
1975,1975,4805.0,636.0,
1976,1976,4805.0,636.0,
1977,1977,4805.0,636.0,
1978,1978,4827.0,636.0,
1979,1979,4827.0,636.0,
1980,1980,4827.0,636.0,
1981,1981,4827.0,636.0,
1982,1982,4849.0,636.0,
1983,1983,4849.0,636.0,
1984,1984,4849.0,636.0,
1985,1985,4849.0,636.0,
1986,1986,4849.0,636.0,
1987,1987,4849.0,636.0,
1988,1988,4849.0,636.0,
1989,1989,4849.0,636.0,
1990,1990,4849.0,636.0,
1991,1991,4849.0,636.0,
1992,1992,4871.0,636.0,
1993,1993,4886.0,636.0,
1994,1994,4886.0,636.0,
1995,1995,4886.0,636.0,
1996,1996,4908.0,636.0,
1997,1997,4908.0,636.0,
1998,1998,4908.0,636.0,
1999,1999,4908.0,636.0,
2000,2000,4908.0,636.0,
2001,2001,4908.0,636.0,
2002,2002,4930.0,636.0,
2003,2003,4930.0,636.0,
2004,2004,4930.0,636.0,
2005,2005,4930.0,636.0,
2006,2006,4930.0,636.0,
2007,2007,4951.0,636.0,
2008,2008,4951.0,636.0,
2009,2009,4951.0,636.0,
2010,2010,4951.0,636.0,
2011,2011,4951.0,636.0,
2012,2012,4973.0,636.0,
2013,2013,4973.0,636.0,
2014,2014,4973.0,636.0,
2015,2015,4973.0,636.0,
2016,2016,4973.0,636.0,
2017,2017,4995.0,636.0,
2018,2018,4995.0,636.0,
2019,2019,4995.0,636.0,
2020,2020,5016.0,636.0,
2021,2021,5016.0,636.0,
2022,2022,5016.0,636.0,
2023,2023,5016.0,636.0,
2024,2024,5016.0,636.0,
2025,2025,5038.0,636.0,
2026,2026,5038.0,636.0,
2027,2027,5038.0,636.0,
2028,2028,5059.0,636.0,
2029,2029,5059.0,636.0,
2030,2030,5059.0,636.0,
2031,2031,5059.0,636.0,
2032,2032,5081.0,636.0,
2033,2033,5081.0,636.0,
2034,2034,5081.0,636.0,
2035,2035,5081.0,636.0,
2036,2036,5103.0,636.0,
2037,2037,5103.0,636.0,
2038,2038,5103.0,636.0,
2039,2039,5103.0,636.0,
2040,2040,5125.0,636.0,
2041,2041,5146.0,636.0,
2042,2042,5146.0,636.0,
2043,2043,5146.0,636.0,
2044,2044,5146.0,636.0,
2045,2045,5146.0,636.0,
2046,2046,5168.0,636.0,
2047,2047,5168.0,636.0,
2048,2048,5168.0,636.0,
2049,2049,5168.0,636.0,
2050,2050,5168.0,636.0,
2051,2051,5190.0,636.0,
2052,2052,5190.0,636.0,
2053,2053,5190.0,636.0,
2054,2054,5190.0,636.0,
2055,2055,5211.0,636.0,
2056,2056,5211.0,636.0,
2057,2057,5211.0,636.0,
2058,2058,5211.0,636.0,
2059,2059,5233.0,636.0,
2060,2060,5233.0,636.0,
2061,2061,5233.0,636.0,
2062,2062,5233.0,656.0,
2063,2063,5233.0,,
2064,2064,5255.0,,
2065,2065,5255.0,,
2066,2066,5255.0,,
2067,2067,5276.0,,
2068,2068,5299.0,,
2069,2069,5299.0,,
2070,2070,5299.0,,
2071,2071,5299.0,,
2072,2072,5299.0,,
2073,2073,5299.0,,
2074,2074,5299.0,,
2075,2075,5321.0,,
2076,2076,5344.0,,
2077,2077,5344.0,,
2078,2078,5344.0,,
2079,2079,5344.0,,
2080,2080,5344.0,,
2081,2081,5367.0,,
2082,2082,5367.0,,
2083,2083,5367.0,,
2084,2084,5367.0,,
2085,2085,5390.0,,
2086,2086,5390.0,,
2087,2087,5390.0,,
2088,2088,5390.0,,
2089,2089,5390.0,,
2090,2090,5390.0,,
2091,2091,5390.0,,
2092,2092,5390.0,,
2093,2093,5390.0,,
2094,2094,5390.0,,
2095,2095,5413.0,,
2096,2096,5413.0,,
2097,2097,5435.0,,
2098,2098,5435.0,,
2099,2099,5458.0,,
2100,2100,5458.0,,
2101,2101,5458.0,,
2102,2102,5458.0,,
2103,2103,5458.0,,
2104,2104,5458.0,,
2105,2105,5481.0,,
2106,2106,5481.0,,
2107,2107,5481.0,,
2108,2108,5481.0,,
2109,2109,5481.0,,
2110,2110,5504.0,,
2111,2111,5504.0,,
2112,2112,5504.0,,
2113,2113,5504.0,,
2114,2114,5527.0,,
2115,2115,5549.0,,
2116,2116,5549.0,,
2117,2117,5549.0,,
2118,2118,5549.0,,
2119,2119,5549.0,,
2120,2120,5549.0,,
2121,2121,5549.0,,
2122,2122,5549.0,,
2123,2123,5549.0,,
2124,2124,5549.0,,
2125,2125,5549.0,,
2126,2126,5572.0,,
2127,2127,5572.0,,
2128,2128,5572.0,,
2129,2129,5572.0,,
2130,2130,5595.0,,
2131,2131,5595.0,,
2132,2132,5595.0,,
2133,2133,5595.0,,
2134,2134,5595.0,,
2135,2135,5595.0,,
2136,2136,5618.0,,
2137,2137,5618.0,,
2138,2138,5618.0,,
2139,2139,5618.0,,
2140,2140,5618.0,,
2141,2141,5639.0,,
2142,2142,5639.0,,
2143,2143,5639.0,,
2144,2144,5639.0,,
2145,2145,5662.0,,
2146,2146,5662.0,,
2147,2147,5662.0,,
2148,2148,5662.0,,
2149,2149,5662.0,,
2150,2150,5662.0,,
2151,2151,5662.0,,
2152,2152,5684.0,,
2153,2153,5707.0,,
2154,2154,5707.0,,
2155,2155,5707.0,,
2156,2156,5707.0,,
2157,2157,5707.0,,
2158,2158,5707.0,,
2159,2159,5707.0,,
2160,2160,5707.0,,
2161,2161,5707.0,,
2162,2162,5729.0,,
2163,2163,5729.0,,
2164,2164,5729.0,,
2165,2165,5729.0,,
2166,2166,5729.0,,
2167,2167,5774.0,,
2168,2168,5774.0,,
2169,2169,5774.0,,
2170,2170,5774.0,,
2171,2171,5774.0,,
2172,2172,5774.0,,
2173,2173,5774.0,,
2174,2174,5774.0,,
2175,2175,5774.0,,
2176,2176,5774.0,,
2177,2177,5774.0,,
2178,2178,5774.0,,
2179,2179,5796.0,,
2180,2180,5796.0,,
2181,2181,5796.0,,
2182,2182,5796.0,,
2183,2183,5796.0,,
2184,2184,5818.0,,
2185,2185,5818.0,,
2186,2186,5818.0,,
2187,2187,5818.0,,
2188,2188,5818.0,,
2189,2189,5818.0,,
2190,2190,5818.0,,
2191,2191,5818.0,,
2192,2192,5840.0,,
2193,2193,5840.0,,
2194,2194,5864.0,,
2195,2195,5864.0,,
2196,2196,5864.0,,
2197,2197,5864.0,,
2198,2198,5887.0,,
2199,2199,5887.0,,
2200,2200,5887.0,,
2201,2201,5887.0,,
2202,2202,5910.0,,
2203,2203,5910.0,,
2204,2204,5910.0,,
2205,2205,5910.0,,
2206,2206,5910.0,,
2207,2207,5910.0,,
2208,2208,5933.0,,
2209,2209,5956.0,,
2210,2210,5956.0,,
2211,2211,5956.0,,
2212,2212,5956.0,,
2213,2213,5956.0,,
2214,2214,5979.0,,
2215,2215,5979.0,,
2216,2216,5979.0,,
2217,2217,5999.0,,
2218,2218,5999.0,,
2219,2219,5999.0,,
2220,2220,5999.0,,
2221,2221,5999.0,,
2222,2222,6022.0,,
2223,2223,6045.0,,
2224,2224,6045.0,,
2225,2225,6045.0,,
2226,2226,6045.0,,
2227,2227,6045.0,,
2228,2228,6045.0,,
2229,2229,6068.0,,
2230,2230,6068.0,,
2231,2231,6090.0,,
2232,2232,6090.0,,
2233,2233,6090.0,,
2234,2234,6113.0,,
2235,2235,6113.0,,
2236,2236,6134.0,,
2237,2237,6134.0,,
2238,2238,6134.0,,
2239,2239,6157.0,,
2240,2240,6157.0,,
2241,2241,6157.0,,
2242,2242,6180.0,,
2243,2243,6180.0,,
2244,2244,6180.0,,
2245,2245,6180.0,,
2246,2246,6203.0,,
2247,2247,6226.0,,
2248,2248,6226.0,,
2249,2249,6226.0,,
2250,2250,6226.0,,
2251,2251,6226.0,,
2252,2252,6249.0,,
2253,2253,6249.0,,
2254,2254,6249.0,,
2255,2255,6249.0,,
2256,2256,6249.0,,
2257,2257,6272.0,,
2258,2258,6272.0,,
2259,2259,6272.0,,
2260,2260,6272.0,,
2261,2261,6272.0,,
2262,2262,6295.0,,
2263,2263,6295.0,,
2264,2264,6295.0,,
2265,2265,6318.0,,
2266,2266,6318.0,,
2267,2267,6341.0,,
2268,2268,6341.0,,
2269,2269,6361.0,,
2270,2270,6361.0,,
2271,2271,6361.0,,
2272,2272,6384.0,,
2273,2273,6404.0,,
2274,2274,6404.0,,
2275,2275,6404.0,,
2276,2276,6404.0,,
2277,2277,6427.0,,
2278,2278,6427.0,,
2279,2279,6427.0,,
2280,2280,6427.0,,
2281,2281,6427.0,,
2282,2282,6450.0,,
2283,2283,6473.0,,
2284,2284,6473.0,,
2285,2285,6473.0,,
2286,2286,6473.0,,
2287,2287,6496.0,,
2288,2288,6496.0,,
2289,2289,6496.0,,
2290,2290,6496.0,,
2291,2291,6519.0,,
2292,2292,6519.0,,
2293,2293,6519.0,,
2294,2294,6519.0,,
2295,2295,6539.0,,
2296,2296,6539.0,,
2297,2297,6539.0,,
2298,2298,6581.0,,
2299,2299,6581.0,,
2300,2300,6581.0,,
2301,2301,6581.0,,
2302,2302,6581.0,,
2303,2303,6581.0,,
2304,2304,6581.0,,
2305,2305,6581.0,,
2306,2306,6581.0,,
2307,2307,6581.0,,
2308,2308,6581.0,,
2309,2309,6601.0,,
2310,2310,6601.0,,
2311,2311,6601.0,,
2312,2312,6601.0,,
2313,2313,6623.0,,
2314,2314,6643.0,,
2315,2315,6643.0,,
2316,2316,6643.0,,
2317,2317,6666.0,,
2318,2318,6666.0,,
2319,2319,6666.0,,
2320,2320,6666.0,,
2321,2321,6666.0,,
2322,2322,6666.0,,
2323,2323,6686.0,,
2324,2324,6686.0,,
2325,2325,6686.0,,
2326,2326,6686.0,,
2327,2327,6686.0,,
2328,2328,6686.0,,
2329,2329,6686.0,,
2330,2330,6686.0,,
2331,2331,6686.0,,
2332,2332,6688.0,,
2333,2333,6688.0,,
2334,2334,6688.0,,
2335,2335,6688.0,,
2336,2336,6688.0,,
2337,2337,6688.0,,
2338,2338,6688.0,,
2339,2339,6688.0,,
2340,2340,6688.0,,
2341,2341,6688.0,,
2342,2342,6688.0,,
2343,2343,6688.0,,
2344,2344,6688.0,,
2345,2345,6688.0,,
2346,2346,6688.0,,
2347,2347,6711.0,,
2348,2348,6755.0,,
2349,2349,6755.0,,
2350,2350,6755.0,,
2351,2351,6755.0,,
2352,2352,6755.0,,
2353,2353,6778.0,,
2354,2354,6778.0,,
2355,2355,6801.0,,
2356,2356,6801.0,,
2357,2357,6801.0,,
2358,2358,6801.0,,
2359,2359,6801.0,,
2360,2360,6801.0,,
2361,2361,6822.0,,
2362,2362,6822.0,,
2363,2363,6845.0,,
2364,2364,6845.0,,
2365,2365,6845.0,,
2366,2366,6845.0,,
2367,2367,6845.0,,
2368,2368,6845.0,,
2369,2369,6845.0,,
2370,2370,6845.0,,
2371,2371,6867.0,,
2372,2372,6867.0,,
2373,2373,6867.0,,
2374,2374,6867.0,,
2375,2375,6867.0,,
2376,2376,6867.0,,
2377,2377,6867.0,,
2378,2378,6867.0,,
2379,2379,6888.0,,
2380,2380,6888.0,,
2381,2381,6888.0,,
2382,2382,6930.0,,
2383,2383,6930.0,,
2384,2384,6930.0,,
2385,2385,6930.0,,
2386,2386,6930.0,,
2387,2387,6951.0,,
2388,2388,6951.0,,
2389,2389,6951.0,,
2390,2390,6951.0,,
2391,2391,6951.0,,
2392,2392,6951.0,,
2393,2393,6951.0,,
2394,2394,6951.0,,
2395,2395,6972.0,,
2396,2396,6972.0,,
2397,2397,6972.0,,
2398,2398,6972.0,,
2399,2399,6972.0,,
2400,2400,6972.0,,
2401,2401,6972.0,,
2402,2402,6992.0,,
2403,2403,6992.0,,
2404,2404,6992.0,,
2405,2405,6992.0,,
2406,2406,6992.0,,
2407,2407,7012.0,,
2408,2408,7012.0,,
2409,2409,7012.0,,
2410,2410,7012.0,,
2411,2411,7012.0,,
2412,2412,7012.0,,
2413,2413,7012.0,,
2414,2414,7012.0,,
2415,2415,7012.0,,
2416,2416,7012.0,,
2417,2417,7012.0,,
2418,2418,7012.0,,
2419,2419,7012.0,,
2420,2420,7012.0,,
2421,2421,7012.0,,
2422,2422,7012.0,,
2423,2423,7012.0,,
2424,2424,7012.0,,
2425,2425,7012.0,,
2426,2426,7012.0,,
2427,2427,7055.0,,
2428,2428,7055.0,,
2429,2429,7055.0,,
2430,2430,7075.0,,
2431,2431,7075.0,,
2432,2432,7075.0,,
2433,2433,7075.0,,
2434,2434,7075.0,,
2435,2435,7098.0,,
2436,2436,7098.0,,
2437,2437,7098.0,,
2438,2438,7120.0,,
2439,2439,7120.0,,
2440,2440,7120.0,,
2441,2441,7120.0,,
2442,2442,7163.0,,
2443,2443,7163.0,,
2444,2444,7163.0,,
2445,2445,7163.0,,
2446,2446,7163.0,,
2447,2447,7163.0,,
2448,2448,7163.0,,
2449,2449,7163.0,,
2450,2450,7186.0,,
2451,2451,7186.0,,
2452,2452,7206.0,,
2453,2453,7206.0,,
2454,2454,7230.0,,
2455,2455,7230.0,,
2456,2456,7230.0,,
2457,2457,7274.0,,
2458,2458,7274.0,,
2459,2459,7274.0,,
2460,2460,7274.0,,
2461,2461,7294.0,,
2462,2462,7294.0,,
2463,2463,7294.0,,
2464,2464,7318.0,,
2465,2465,7318.0,,
2466,2466,7318.0,,
2467,2467,7338.0,,
2468,2468,7361.0,,
2469,2469,7361.0,,
2470,2470,7385.0,,
2471,2471,7385.0,,
2472,2472,7385.0,,
2473,2473,7429.0,,
2474,2474,7429.0,,
2475,2475,7429.0,,
2476,2476,7429.0,,
2477,2477,7453.0,,
2478,2478,7473.0,,
2479,2479,7473.0,,
2480,2480,7473.0,,
2481,2481,7496.0,,
2482,2482,7496.0,,
2483,2483,7496.0,,
2484,2484,7496.0,,
2485,2485,7496.0,,
2486,2486,7518.0,,
2487,2487,7518.0,,
2488,2488,7518.0,,
2489,2489,7518.0,,
2490,2490,7518.0,,
2491,2491,7518.0,,
2492,2492,7518.0,,
2493,2493,7518.0,,
2494,2494,7518.0,,
2495,2495,7518.0,,
2496,2496,7539.0,,
2497,2497,7539.0,,
2498,2498,7539.0,,
2499,2499,7539.0,,
2500,2500,7539.0,,
2501,2501,7539.0,,
2502,2502,7561.0,,
2503,2503,7561.0,,
2504,2504,7582.0,,
2505,2505,7582.0,,
2506,2506,7582.0,,
2507,2507,7582.0,,
2508,2508,7582.0,,
2509,2509,7582.0,,
2510,2510,7606.0,,
2511,2511,7606.0,,
2512,2512,7627.0,,
2513,2513,7627.0,,
2514,2514,7648.0,,
2515,2515,7648.0,,
2516,2516,7648.0,,
2517,2517,7669.0,,
2518,2518,7669.0,,
2519,2519,7669.0,,
2520,2520,7669.0,,
2521,2521,7669.0,,
2522,2522,7669.0,,
2523,2523,7669.0,,
2524,2524,7669.0,,
2525,2525,7717.0,,
2526,2526,7717.0,,
2527,2527,7717.0,,
2528,2528,7740.0,,
2529,2529,7740.0,,
2530,2530,7740.0,,
2531,2531,7761.0,,
2532,2532,7761.0,,
2533,2533,7761.0,,
2534,2534,7761.0,,
2535,2535,7761.0,,
2536,2536,7783.0,,
2537,2537,7783.0,,
2538,2538,7783.0,,
2539,2539,7804.0,,
2540,2540,7804.0,,
2541,2541,7804.0,,
2542,2542,7804.0,,
2543,2543,7825.0,,
2544,2544,7825.0,,
2545,2545,7825.0,,
2546,2546,7869.0,,
2547,2547,7869.0,,
2548,2548,7869.0,,
2549,2549,7869.0,,
2550,2550,7890.0,,
2551,2551,7890.0,,
2552,2552,7890.0,,
2553,2553,7913.0,,
2554,2554,7913.0,,
2555,2555,7913.0,,
2556,2556,7936.0,,
2557,2557,7936.0,,
2558,2558,7958.0,,
2559,2559,7958.0,,
2560,2560,7958.0,,
2561,2561,7958.0,,
2562,2562,7979.0,,
2563,2563,7979.0,,
2564,2564,7979.0,,
2565,2565,7979.0,,
2566,2566,8000.0,,
2567,2567,8000.0,,
2568,2568,8000.0,,
2569,2569,8000.0,,
2570,2570,8000.0,,
2571,2571,8000.0,,
2572,2572,8000.0,,
2573,2573,8000.0,,
2574,2574,8000.0,,
2575,2575,8000.0,,
2576,2576,8021.0,,
2577,2577,8021.0,,
2578,2578,8044.0,,
2579,2579,8044.0,,
2580,2580,8044.0,,
2581,2581,8067.0,,
2582,2582,8067.0,,
2583,2583,8067.0,,
2584,2584,8067.0,,
2585,2585,8067.0,,
2586,2586,8067.0,,
2587,2587,8067.0,,
2588,2588,8067.0,,
2589,2589,8094.0,,
2590,2590,8094.0,,
2591,2591,8094.0,,
2592,2592,8094.0,,
2593,2593,8094.0,,
2594,2594,8122.0,,
2595,2595,8122.0,,
2596,2596,8122.0,,
2597,2597,8122.0,,
2598,2598,8149.0,,
2599,2599,8149.0,,
2600,2600,8177.0,,
2601,2601,8204.0,,
2602,2602,8204.0,,
2603,2603,8204.0,,
2604,2604,8204.0,,
2605,2605,8204.0,,
2606,2606,8204.0,,
2607,2607,8225.0,,
2608,2608,8252.0,,
2609,2609,8252.0,,
2610,2610,8252.0,,
2611,2611,8252.0,,
2612,2612,8252.0,,
2613,2613,8252.0,,
2614,2614,8252.0,,
2615,2615,8252.0,,
2616,2616,8252.0,,
2617,2617,8252.0,,
2618,2618,8252.0,,
2619,2619,8280.0,,
2620,2620,8280.0,,
2621,2621,8280.0,,
2622,2622,8330.0,,
2623,2623,8353.0,,
2624,2624,8353.0,,
2625,2625,8353.0,,
2626,2626,8381.0,,
2627,2627,8381.0,,
2628,2628,8410.0,,
2629,2629,8410.0,,
2630,2630,8410.0,,
2631,2631,8438.0,,
2632,2632,8438.0,,
2633,2633,8438.0,,
2634,2634,8492.0,,
2635,2635,8492.0,,
2636,2636,8492.0,,
2637,2637,8546.0,,
2638,2638,8574.0,,
2639,2639,8574.0,,
2640,2640,8600.0,,
2641,2641,8600.0,,
2642,2642,8600.0,,
2643,2643,8600.0,,
2644,2644,8600.0,,
2645,2645,8623.0,,
2646,2646,8623.0,,
2647,2647,8650.0,,
2648,2648,8673.0,,
2649,2649,8673.0,,
2650,2650,8673.0,,
2651,2651,8697.0,,
2652,2652,8724.0,,
2653,2653,8724.0,,
2654,2654,8724.0,,
2655,2655,8751.0,,
2656,2656,8751.0,,
2657,2657,8751.0,,
2658,2658,8774.0,,
2659,2659,8801.0,,
2660,2660,8801.0,,
2661,2661,8801.0,,
2662,2662,8801.0,,
2663,2663,8827.0,,
2664,2664,8827.0,,
2665,2665,8850.0,,
2666,2666,8850.0,,
2667,2667,8850.0,,
2668,2668,8899.0,,
2669,2669,8899.0,,
2670,2670,8899.0,,
2671,2671,8899.0,,
2672,2672,8925.0,,
2673,2673,8953.0,,
2674,2674,8953.0,,
2675,2675,8953.0,,
2676,2676,8953.0,,
2677,2677,8953.0,,
2678,2678,8980.0,,
2679,2679,8980.0,,
2680,2680,9007.0,,
2681,2681,9007.0,,
2682,2682,9007.0,,
2683,2683,9060.0,,
2684,2684,9060.0,,
2685,2685,9060.0,,
2686,2686,9060.0,,
2687,2687,9087.0,,
2688,2688,9087.0,,
2689,2689,9087.0,,
2690,2690,9087.0,,
2691,2691,9087.0,,
2692,2692,9087.0,,
2693,2693,9115.0,,
2694,2694,9115.0,,
2695,2695,9115.0,,
2696,2696,9115.0,,
2697,2697,9115.0,,
2698,2698,9115.0,,
2699,2699,9115.0,,
2700,2700,9115.0,,
2701,2701,9141.0,,
2702,2702,9141.0,,
2703,2703,9141.0,,
2704,2704,9165.0,,
2705,2705,9165.0,,
2706,2706,9165.0,,
2707,2707,9165.0,,
2708,2708,9165.0,,
2709,2709,9165.0,,
2710,2710,9165.0,,
2711,2711,9193.0,,
2712,2712,9217.0,,
2713,2713,9217.0,,
2714,2714,9217.0,,
2715,2715,9245.0,,
2716,2716,9264.0,,
2717,2717,9264.0,,
2718,2718,9264.0,,
2719,2719,9264.0,,
2720,2720,9292.0,,
2721,2721,9292.0,,
2722,2722,9292.0,,
2723,2723,9292.0,,
2724,2724,9292.0,,
2725,2725,9292.0,,
2726,2726,9292.0,,
2727,2727,9292.0,,
2728,2728,9292.0,,
2729,2729,9292.0,,
2730,2730,9344.0,,
2731,2731,9344.0,,
2732,2732,9344.0,,
2733,2733,9344.0,,
2734,2734,9368.0,,
2735,2735,9368.0,,
2736,2736,9368.0,,
2737,2737,9368.0,,
2738,2738,9392.0,,
2739,2739,9392.0,,
2740,2740,9392.0,,
2741,2741,9392.0,,
2742,2742,9392.0,,
2743,2743,9420.0,,
2744,2744,9448.0,,
2745,2745,9448.0,,
2746,2746,9472.0,,
2747,2747,9500.0,,
2748,2748,9500.0,,
2749,2749,9500.0,,
2750,2750,9552.0,,
2751,2751,9552.0,,
2752,2752,9580.0,,
2753,2753,9604.0,,
2754,2754,9604.0,,
2755,2755,9604.0,,
2756,2756,9604.0,,
2757,2757,9604.0,,
2758,2758,9604.0,,
2759,2759,9604.0,,
2760,2760,9628.0,,
2761,2761,9628.0,,
2762,2762,9628.0,,
2763,2763,9628.0,,
2764,2764,9628.0,,
2765,2765,9656.0,,
2766,2766,9680.0,,
2767,2767,9680.0,,
2768,2768,9708.0,,
2769,2769,9708.0,,
2770,2770,9708.0,,
2771,2771,9708.0,,
2772,2772,9736.0,,
2773,2773,9760.0,,
2774,2774,9760.0,,
2775,2775,9760.0,,
2776,2776,9788.0,,
2777,2777,9788.0,,
2778,2778,9788.0,,
2779,2779,9788.0,,
2780,2780,9816.0,,
2781,2781,9816.0,,
2782,2782,9816.0,,
2783,2783,9816.0,,
2784,2784,9844.0,,
2785,2785,9872.0,,
2786,2786,9872.0,,
2787,2787,9872.0,,
2788,2788,9872.0,,
2789,2789,9872.0,,
2790,2790,9872.0,,
2791,2791,9872.0,,
2792,2792,9872.0,,
2793,2793,9900.0,,
2794,2794,9900.0,,
2795,2795,9900.0,,
2796,2796,9956.0,,
2797,2797,9956.0,,
2798,2798,9956.0,,
2799,2799,9984.0,,
2800,2800,9984.0,,
2801,2801,9984.0,,
2802,2802,10012.0,,
2803,2803,10040.0,,
2804,2804,10040.0,,
2805,2805,10068.0,,
2806,2806,10097.0,,
2807,2807,10097.0,,
2808,2808,10125.0,,
2809,2809,10125.0,,
2810,2810,10125.0,,
2811,2811,10125.0,,
2812,2812,10125.0,,
2813,2813,10125.0,,
2814,2814,10182.0,,
2815,2815,10182.0,,
2816,2816,10182.0,,
2817,2817,10211.0,,
2818,2818,10211.0,,
2819,2819,10240.0,,
2820,2820,10240.0,,
2821,2821,10240.0,,
2822,2822,10240.0,,
2823,2823,10298.0,,
2824,2824,10298.0,,
2825,2825,10298.0,,
2826,2826,10327.0,,
2827,2827,10327.0,,
2828,2828,10327.0,,
2829,2829,10356.0,,
2830,2830,10385.0,,
2831,2831,10413.0,,
